ROI,Subject,Weight
1,742_FED_20190320b_3T2_PL2017,1.000000
1,746_FED_20190328a_3T2_PL2017,1.000000
1,747_FED_20190328b_3T2_PL2017,1.000000
1,748_FED_20190328c_3T2_PL2017,1.000000
1,749_FED_20190404a_3T2_PL2017,1.000000
1,750_FED_20190404b_3T2_PL2017,1.000000
1,751_FED_20190404c_3T2_PL2017,1.000000
1,752_FED_20190404d_3T2_PL2017,1.000000
1,753_FED_20190405a_3T2_PL2017,1.000000
1,754_FED_20190405b_3T2_PL2017,1.000000
1,755_FED_20190411a_3T2_PL2017,1.000000
1,756_FED_20190411b_3T2_PL2017,1.000000
1,757_FED_20190411c_3T2_PL2017,1.000000
1,758_FED_20190411d_3T2_PL2017,1.000000
1,768_FED_20190517a_3T2_PL2017,1.000000
1,770_FED_20191120c_3T2_PL2017,1.000000
1,788_FED_20191120b_3T2_PL2017,1.000000
1,803_FED_20191120d_3T2_PL2017,1.000000
1,805_FED_20191204a_3T2_PL2017,1.000000
1,806_FED_20191204b_3T2_PL2017,0.000000
1,807_FED_20191204c_3T2_PL2017,1.000000
1,797_FED_20200205a_3T2_PL2017,1.000000
1,261_FED_20200205b_3T2_PL2017,1.000000
1,824_FED_20200130a_3T2_PL2017,1.000000
1,825_FED_20200130b_3T2_PL2017,1.000000
1,826_FED_20200130c_3T2_PL2017,1.000000
1,827_FED_20200130d_3T2_PL2017,1.000000
1,828_FED_20200205c_3T2_PL2017,1.000000
1,831_FED_20200213b_3T2_PL2017,1.000000
2,742_FED_20190320b_3T2_PL2017,1.000000
2,746_FED_20190328a_3T2_PL2017,1.000000
2,747_FED_20190328b_3T2_PL2017,1.000000
2,748_FED_20190328c_3T2_PL2017,1.000000
2,749_FED_20190404a_3T2_PL2017,1.000000
2,750_FED_20190404b_3T2_PL2017,1.000000
2,751_FED_20190404c_3T2_PL2017,1.000000
2,752_FED_20190404d_3T2_PL2017,1.000000
2,753_FED_20190405a_3T2_PL2017,1.000000
2,754_FED_20190405b_3T2_PL2017,1.000000
2,755_FED_20190411a_3T2_PL2017,1.000000
2,756_FED_20190411b_3T2_PL2017,1.000000
2,757_FED_20190411c_3T2_PL2017,1.000000
2,758_FED_20190411d_3T2_PL2017,1.000000
2,768_FED_20190517a_3T2_PL2017,1.000000
2,770_FED_20191120c_3T2_PL2017,1.000000
2,788_FED_20191120b_3T2_PL2017,1.000000
2,803_FED_20191120d_3T2_PL2017,1.000000
2,805_FED_20191204a_3T2_PL2017,1.000000
2,806_FED_20191204b_3T2_PL2017,0.000000
2,807_FED_20191204c_3T2_PL2017,1.000000
2,797_FED_20200205a_3T2_PL2017,1.000000
2,261_FED_20200205b_3T2_PL2017,1.000000
2,824_FED_20200130a_3T2_PL2017,1.000000
2,825_FED_20200130b_3T2_PL2017,1.000000
2,826_FED_20200130c_3T2_PL2017,1.000000
2,827_FED_20200130d_3T2_PL2017,1.000000
2,828_FED_20200205c_3T2_PL2017,1.000000
2,831_FED_20200213b_3T2_PL2017,1.000000
3,742_FED_20190320b_3T2_PL2017,1.000000
3,746_FED_20190328a_3T2_PL2017,1.000000
3,747_FED_20190328b_3T2_PL2017,1.000000
3,748_FED_20190328c_3T2_PL2017,1.000000
3,749_FED_20190404a_3T2_PL2017,1.000000
3,750_FED_20190404b_3T2_PL2017,1.000000
3,751_FED_20190404c_3T2_PL2017,1.000000
3,752_FED_20190404d_3T2_PL2017,1.000000
3,753_FED_20190405a_3T2_PL2017,1.000000
3,754_FED_20190405b_3T2_PL2017,1.000000
3,755_FED_20190411a_3T2_PL2017,1.000000
3,756_FED_20190411b_3T2_PL2017,1.000000
3,757_FED_20190411c_3T2_PL2017,1.000000
3,758_FED_20190411d_3T2_PL2017,1.000000
3,768_FED_20190517a_3T2_PL2017,1.000000
3,770_FED_20191120c_3T2_PL2017,1.000000
3,788_FED_20191120b_3T2_PL2017,1.000000
3,803_FED_20191120d_3T2_PL2017,1.000000
3,805_FED_20191204a_3T2_PL2017,1.000000
3,806_FED_20191204b_3T2_PL2017,1.000000
3,807_FED_20191204c_3T2_PL2017,1.000000
3,797_FED_20200205a_3T2_PL2017,1.000000
3,261_FED_20200205b_3T2_PL2017,1.000000
3,824_FED_20200130a_3T2_PL2017,1.000000
3,825_FED_20200130b_3T2_PL2017,0.000000
3,826_FED_20200130c_3T2_PL2017,1.000000
3,827_FED_20200130d_3T2_PL2017,1.000000
3,828_FED_20200205c_3T2_PL2017,1.000000
3,831_FED_20200213b_3T2_PL2017,1.000000
4,742_FED_20190320b_3T2_PL2017,1.000000
4,746_FED_20190328a_3T2_PL2017,1.000000
4,747_FED_20190328b_3T2_PL2017,1.000000
4,748_FED_20190328c_3T2_PL2017,1.000000
4,749_FED_20190404a_3T2_PL2017,1.000000
4,750_FED_20190404b_3T2_PL2017,1.000000
4,751_FED_20190404c_3T2_PL2017,1.000000
4,752_FED_20190404d_3T2_PL2017,1.000000
4,753_FED_20190405a_3T2_PL2017,1.000000
4,754_FED_20190405b_3T2_PL2017,1.000000
4,755_FED_20190411a_3T2_PL2017,1.000000
4,756_FED_20190411b_3T2_PL2017,1.000000
4,757_FED_20190411c_3T2_PL2017,1.000000
4,758_FED_20190411d_3T2_PL2017,1.000000
4,768_FED_20190517a_3T2_PL2017,1.000000
4,770_FED_20191120c_3T2_PL2017,1.000000
4,788_FED_20191120b_3T2_PL2017,1.000000
4,803_FED_20191120d_3T2_PL2017,1.000000
4,805_FED_20191204a_3T2_PL2017,1.000000
4,806_FED_20191204b_3T2_PL2017,1.000000
4,807_FED_20191204c_3T2_PL2017,1.000000
4,797_FED_20200205a_3T2_PL2017,1.000000
4,261_FED_20200205b_3T2_PL2017,1.000000
4,824_FED_20200130a_3T2_PL2017,1.000000
4,825_FED_20200130b_3T2_PL2017,1.000000
4,826_FED_20200130c_3T2_PL2017,0.000000
4,827_FED_20200130d_3T2_PL2017,1.000000
4,828_FED_20200205c_3T2_PL2017,1.000000
4,831_FED_20200213b_3T2_PL2017,1.000000
5,742_FED_20190320b_3T2_PL2017,0.000000
5,746_FED_20190328a_3T2_PL2017,1.000000
5,747_FED_20190328b_3T2_PL2017,0.000000
5,748_FED_20190328c_3T2_PL2017,1.000000
5,749_FED_20190404a_3T2_PL2017,1.000000
5,750_FED_20190404b_3T2_PL2017,1.000000
5,751_FED_20190404c_3T2_PL2017,1.000000
5,752_FED_20190404d_3T2_PL2017,0.000000
5,753_FED_20190405a_3T2_PL2017,1.000000
5,754_FED_20190405b_3T2_PL2017,0.000000
5,755_FED_20190411a_3T2_PL2017,1.000000
5,756_FED_20190411b_3T2_PL2017,1.000000
5,757_FED_20190411c_3T2_PL2017,0.000000
5,758_FED_20190411d_3T2_PL2017,1.000000
5,768_FED_20190517a_3T2_PL2017,1.000000
5,770_FED_20191120c_3T2_PL2017,1.000000
5,788_FED_20191120b_3T2_PL2017,1.000000
5,803_FED_20191120d_3T2_PL2017,1.000000
5,805_FED_20191204a_3T2_PL2017,1.000000
5,806_FED_20191204b_3T2_PL2017,0.000000
5,807_FED_20191204c_3T2_PL2017,0.000000
5,797_FED_20200205a_3T2_PL2017,0.000000
5,261_FED_20200205b_3T2_PL2017,1.000000
5,824_FED_20200130a_3T2_PL2017,1.000000
5,825_FED_20200130b_3T2_PL2017,0.000000
5,826_FED_20200130c_3T2_PL2017,0.000000
5,827_FED_20200130d_3T2_PL2017,1.000000
5,828_FED_20200205c_3T2_PL2017,0.000000
5,831_FED_20200213b_3T2_PL2017,1.000000
6,742_FED_20190320b_3T2_PL2017,1.000000
6,746_FED_20190328a_3T2_PL2017,1.000000
6,747_FED_20190328b_3T2_PL2017,1.000000
6,748_FED_20190328c_3T2_PL2017,1.000000
6,749_FED_20190404a_3T2_PL2017,1.000000
6,750_FED_20190404b_3T2_PL2017,1.000000
6,751_FED_20190404c_3T2_PL2017,1.000000
6,752_FED_20190404d_3T2_PL2017,1.000000
6,753_FED_20190405a_3T2_PL2017,1.000000
6,754_FED_20190405b_3T2_PL2017,1.000000
6,755_FED_20190411a_3T2_PL2017,1.000000
6,756_FED_20190411b_3T2_PL2017,1.000000
6,757_FED_20190411c_3T2_PL2017,0.000000
6,758_FED_20190411d_3T2_PL2017,1.000000
6,768_FED_20190517a_3T2_PL2017,1.000000
6,770_FED_20191120c_3T2_PL2017,1.000000
6,788_FED_20191120b_3T2_PL2017,0.000000
6,803_FED_20191120d_3T2_PL2017,1.000000
6,805_FED_20191204a_3T2_PL2017,1.000000
6,806_FED_20191204b_3T2_PL2017,0.000000
6,807_FED_20191204c_3T2_PL2017,1.000000
6,797_FED_20200205a_3T2_PL2017,1.000000
6,261_FED_20200205b_3T2_PL2017,1.000000
6,824_FED_20200130a_3T2_PL2017,0.000000
6,825_FED_20200130b_3T2_PL2017,1.000000
6,826_FED_20200130c_3T2_PL2017,1.000000
6,827_FED_20200130d_3T2_PL2017,1.000000
6,828_FED_20200205c_3T2_PL2017,1.000000
6,831_FED_20200213b_3T2_PL2017,1.000000
7,742_FED_20190320b_3T2_PL2017,1.000000
7,746_FED_20190328a_3T2_PL2017,1.000000
7,747_FED_20190328b_3T2_PL2017,1.000000
7,748_FED_20190328c_3T2_PL2017,1.000000
7,749_FED_20190404a_3T2_PL2017,1.000000
7,750_FED_20190404b_3T2_PL2017,0.000000
7,751_FED_20190404c_3T2_PL2017,1.000000
7,752_FED_20190404d_3T2_PL2017,0.000000
7,753_FED_20190405a_3T2_PL2017,1.000000
7,754_FED_20190405b_3T2_PL2017,0.000000
7,755_FED_20190411a_3T2_PL2017,1.000000
7,756_FED_20190411b_3T2_PL2017,1.000000
7,757_FED_20190411c_3T2_PL2017,0.000000
7,758_FED_20190411d_3T2_PL2017,1.000000
7,768_FED_20190517a_3T2_PL2017,1.000000
7,770_FED_20191120c_3T2_PL2017,1.000000
7,788_FED_20191120b_3T2_PL2017,0.000000
7,803_FED_20191120d_3T2_PL2017,1.000000
7,805_FED_20191204a_3T2_PL2017,1.000000
7,806_FED_20191204b_3T2_PL2017,1.000000
7,807_FED_20191204c_3T2_PL2017,1.000000
7,797_FED_20200205a_3T2_PL2017,0.000000
7,261_FED_20200205b_3T2_PL2017,1.000000
7,824_FED_20200130a_3T2_PL2017,1.000000
7,825_FED_20200130b_3T2_PL2017,1.000000
7,826_FED_20200130c_3T2_PL2017,0.000000
7,827_FED_20200130d_3T2_PL2017,0.000000
7,828_FED_20200205c_3T2_PL2017,0.000000
7,831_FED_20200213b_3T2_PL2017,0.000000
8,742_FED_20190320b_3T2_PL2017,0.000000
8,746_FED_20190328a_3T2_PL2017,0.000000
8,747_FED_20190328b_3T2_PL2017,1.000000
8,748_FED_20190328c_3T2_PL2017,1.000000
8,749_FED_20190404a_3T2_PL2017,0.000000
8,750_FED_20190404b_3T2_PL2017,0.000000
8,751_FED_20190404c_3T2_PL2017,0.000000
8,752_FED_20190404d_3T2_PL2017,1.000000
8,753_FED_20190405a_3T2_PL2017,1.000000
8,754_FED_20190405b_3T2_PL2017,1.000000
8,755_FED_20190411a_3T2_PL2017,0.000000
8,756_FED_20190411b_3T2_PL2017,0.000000
8,757_FED_20190411c_3T2_PL2017,1.000000
8,758_FED_20190411d_3T2_PL2017,0.000000
8,768_FED_20190517a_3T2_PL2017,0.000000
8,770_FED_20191120c_3T2_PL2017,0.000000
8,788_FED_20191120b_3T2_PL2017,1.000000
8,803_FED_20191120d_3T2_PL2017,1.000000
8,805_FED_20191204a_3T2_PL2017,1.000000
8,806_FED_20191204b_3T2_PL2017,0.000000
8,807_FED_20191204c_3T2_PL2017,0.000000
8,797_FED_20200205a_3T2_PL2017,1.000000
8,261_FED_20200205b_3T2_PL2017,1.000000
8,824_FED_20200130a_3T2_PL2017,0.000000
8,825_FED_20200130b_3T2_PL2017,0.000000
8,826_FED_20200130c_3T2_PL2017,1.000000
8,827_FED_20200130d_3T2_PL2017,0.000000
8,828_FED_20200205c_3T2_PL2017,0.000000
8,831_FED_20200213b_3T2_PL2017,0.000000
9,742_FED_20190320b_3T2_PL2017,1.000000
9,746_FED_20190328a_3T2_PL2017,1.000000
9,747_FED_20190328b_3T2_PL2017,1.000000
9,748_FED_20190328c_3T2_PL2017,1.000000
9,749_FED_20190404a_3T2_PL2017,0.000000
9,750_FED_20190404b_3T2_PL2017,0.000000
9,751_FED_20190404c_3T2_PL2017,1.000000
9,752_FED_20190404d_3T2_PL2017,1.000000
9,753_FED_20190405a_3T2_PL2017,1.000000
9,754_FED_20190405b_3T2_PL2017,1.000000
9,755_FED_20190411a_3T2_PL2017,1.000000
9,756_FED_20190411b_3T2_PL2017,1.000000
9,757_FED_20190411c_3T2_PL2017,0.000000
9,758_FED_20190411d_3T2_PL2017,0.000000
9,768_FED_20190517a_3T2_PL2017,1.000000
9,770_FED_20191120c_3T2_PL2017,1.000000
9,788_FED_20191120b_3T2_PL2017,0.000000
9,803_FED_20191120d_3T2_PL2017,1.000000
9,805_FED_20191204a_3T2_PL2017,0.000000
9,806_FED_20191204b_3T2_PL2017,0.000000
9,807_FED_20191204c_3T2_PL2017,0.000000
9,797_FED_20200205a_3T2_PL2017,0.000000
9,261_FED_20200205b_3T2_PL2017,1.000000
9,824_FED_20200130a_3T2_PL2017,1.000000
9,825_FED_20200130b_3T2_PL2017,0.000000
9,826_FED_20200130c_3T2_PL2017,0.000000
9,827_FED_20200130d_3T2_PL2017,1.000000
9,828_FED_20200205c_3T2_PL2017,0.000000
9,831_FED_20200213b_3T2_PL2017,1.000000
10,742_FED_20190320b_3T2_PL2017,0.000000
10,746_FED_20190328a_3T2_PL2017,0.000000
10,747_FED_20190328b_3T2_PL2017,0.000000
10,748_FED_20190328c_3T2_PL2017,0.000000
10,749_FED_20190404a_3T2_PL2017,0.000000
10,750_FED_20190404b_3T2_PL2017,0.000000
10,751_FED_20190404c_3T2_PL2017,1.000000
10,752_FED_20190404d_3T2_PL2017,0.000000
10,753_FED_20190405a_3T2_PL2017,0.000000
10,754_FED_20190405b_3T2_PL2017,1.000000
10,755_FED_20190411a_3T2_PL2017,0.000000
10,756_FED_20190411b_3T2_PL2017,1.000000
10,757_FED_20190411c_3T2_PL2017,0.000000
10,758_FED_20190411d_3T2_PL2017,0.000000
10,768_FED_20190517a_3T2_PL2017,0.000000
10,770_FED_20191120c_3T2_PL2017,1.000000
10,788_FED_20191120b_3T2_PL2017,0.000000
10,803_FED_20191120d_3T2_PL2017,0.000000
10,805_FED_20191204a_3T2_PL2017,0.000000
10,806_FED_20191204b_3T2_PL2017,0.000000
10,807_FED_20191204c_3T2_PL2017,1.000000
10,797_FED_20200205a_3T2_PL2017,1.000000
10,261_FED_20200205b_3T2_PL2017,1.000000
10,824_FED_20200130a_3T2_PL2017,1.000000
10,825_FED_20200130b_3T2_PL2017,0.000000
10,826_FED_20200130c_3T2_PL2017,1.000000
10,827_FED_20200130d_3T2_PL2017,0.000000
10,828_FED_20200205c_3T2_PL2017,1.000000
10,831_FED_20200213b_3T2_PL2017,1.000000
11,742_FED_20190320b_3T2_PL2017,0.000000
11,746_FED_20190328a_3T2_PL2017,1.000000
11,747_FED_20190328b_3T2_PL2017,1.000000
11,748_FED_20190328c_3T2_PL2017,0.000000
11,749_FED_20190404a_3T2_PL2017,1.000000
11,750_FED_20190404b_3T2_PL2017,1.000000
11,751_FED_20190404c_3T2_PL2017,1.000000
11,752_FED_20190404d_3T2_PL2017,1.000000
11,753_FED_20190405a_3T2_PL2017,1.000000
11,754_FED_20190405b_3T2_PL2017,1.000000
11,755_FED_20190411a_3T2_PL2017,1.000000
11,756_FED_20190411b_3T2_PL2017,0.000000
11,757_FED_20190411c_3T2_PL2017,1.000000
11,758_FED_20190411d_3T2_PL2017,1.000000
11,768_FED_20190517a_3T2_PL2017,0.000000
11,770_FED_20191120c_3T2_PL2017,1.000000
11,788_FED_20191120b_3T2_PL2017,1.000000
11,803_FED_20191120d_3T2_PL2017,0.000000
11,805_FED_20191204a_3T2_PL2017,0.000000
11,806_FED_20191204b_3T2_PL2017,0.000000
11,807_FED_20191204c_3T2_PL2017,1.000000
11,797_FED_20200205a_3T2_PL2017,0.000000
11,261_FED_20200205b_3T2_PL2017,1.000000
11,824_FED_20200130a_3T2_PL2017,0.000000
11,825_FED_20200130b_3T2_PL2017,0.000000
11,826_FED_20200130c_3T2_PL2017,1.000000
11,827_FED_20200130d_3T2_PL2017,1.000000
11,828_FED_20200205c_3T2_PL2017,1.000000
11,831_FED_20200213b_3T2_PL2017,1.000000
12,742_FED_20190320b_3T2_PL2017,0.000000
12,746_FED_20190328a_3T2_PL2017,0.000000
12,747_FED_20190328b_3T2_PL2017,1.000000
12,748_FED_20190328c_3T2_PL2017,0.000000
12,749_FED_20190404a_3T2_PL2017,0.000000
12,750_FED_20190404b_3T2_PL2017,0.000000
12,751_FED_20190404c_3T2_PL2017,1.000000
12,752_FED_20190404d_3T2_PL2017,0.000000
12,753_FED_20190405a_3T2_PL2017,0.000000
12,754_FED_20190405b_3T2_PL2017,0.000000
12,755_FED_20190411a_3T2_PL2017,0.000000
12,756_FED_20190411b_3T2_PL2017,1.000000
12,757_FED_20190411c_3T2_PL2017,0.000000
12,758_FED_20190411d_3T2_PL2017,0.000000
12,768_FED_20190517a_3T2_PL2017,0.000000
12,770_FED_20191120c_3T2_PL2017,1.000000
12,788_FED_20191120b_3T2_PL2017,0.000000
12,803_FED_20191120d_3T2_PL2017,0.000000
12,805_FED_20191204a_3T2_PL2017,1.000000
12,806_FED_20191204b_3T2_PL2017,0.000000
12,807_FED_20191204c_3T2_PL2017,1.000000
12,797_FED_20200205a_3T2_PL2017,1.000000
12,261_FED_20200205b_3T2_PL2017,0.000000
12,824_FED_20200130a_3T2_PL2017,0.000000
12,825_FED_20200130b_3T2_PL2017,0.000000
12,826_FED_20200130c_3T2_PL2017,1.000000
12,827_FED_20200130d_3T2_PL2017,0.000000
12,828_FED_20200205c_3T2_PL2017,1.000000
12,831_FED_20200213b_3T2_PL2017,1.000000
13,742_FED_20190320b_3T2_PL2017,1.000000
13,746_FED_20190328a_3T2_PL2017,0.000000
13,747_FED_20190328b_3T2_PL2017,1.000000
13,748_FED_20190328c_3T2_PL2017,0.000000
13,749_FED_20190404a_3T2_PL2017,0.000000
13,750_FED_20190404b_3T2_PL2017,1.000000
13,751_FED_20190404c_3T2_PL2017,0.000000
13,752_FED_20190404d_3T2_PL2017,1.000000
13,753_FED_20190405a_3T2_PL2017,1.000000
13,754_FED_20190405b_3T2_PL2017,0.000000
13,755_FED_20190411a_3T2_PL2017,0.000000
13,756_FED_20190411b_3T2_PL2017,0.000000
13,757_FED_20190411c_3T2_PL2017,0.000000
13,758_FED_20190411d_3T2_PL2017,0.000000
13,768_FED_20190517a_3T2_PL2017,1.000000
13,770_FED_20191120c_3T2_PL2017,0.000000
13,788_FED_20191120b_3T2_PL2017,0.000000
13,803_FED_20191120d_3T2_PL2017,0.000000
13,805_FED_20191204a_3T2_PL2017,1.000000
13,806_FED_20191204b_3T2_PL2017,0.000000
13,807_FED_20191204c_3T2_PL2017,0.000000
13,797_FED_20200205a_3T2_PL2017,0.000000
13,261_FED_20200205b_3T2_PL2017,0.000000
13,824_FED_20200130a_3T2_PL2017,0.000000
13,825_FED_20200130b_3T2_PL2017,0.000000
13,826_FED_20200130c_3T2_PL2017,0.000000
13,827_FED_20200130d_3T2_PL2017,0.000000
13,828_FED_20200205c_3T2_PL2017,1.000000
13,831_FED_20200213b_3T2_PL2017,0.000000
14,742_FED_20190320b_3T2_PL2017,0.000000
14,746_FED_20190328a_3T2_PL2017,0.000000
14,747_FED_20190328b_3T2_PL2017,1.000000
14,748_FED_20190328c_3T2_PL2017,0.000000
14,749_FED_20190404a_3T2_PL2017,0.000000
14,750_FED_20190404b_3T2_PL2017,0.000000
14,751_FED_20190404c_3T2_PL2017,0.000000
14,752_FED_20190404d_3T2_PL2017,1.000000
14,753_FED_20190405a_3T2_PL2017,1.000000
14,754_FED_20190405b_3T2_PL2017,0.000000
14,755_FED_20190411a_3T2_PL2017,0.000000
14,756_FED_20190411b_3T2_PL2017,0.000000
14,757_FED_20190411c_3T2_PL2017,1.000000
14,758_FED_20190411d_3T2_PL2017,1.000000
14,768_FED_20190517a_3T2_PL2017,1.000000
14,770_FED_20191120c_3T2_PL2017,0.000000
14,788_FED_20191120b_3T2_PL2017,1.000000
14,803_FED_20191120d_3T2_PL2017,1.000000
14,805_FED_20191204a_3T2_PL2017,1.000000
14,806_FED_20191204b_3T2_PL2017,0.000000
14,807_FED_20191204c_3T2_PL2017,0.000000
14,797_FED_20200205a_3T2_PL2017,0.000000
14,261_FED_20200205b_3T2_PL2017,1.000000
14,824_FED_20200130a_3T2_PL2017,0.000000
14,825_FED_20200130b_3T2_PL2017,0.000000
14,826_FED_20200130c_3T2_PL2017,0.000000
14,827_FED_20200130d_3T2_PL2017,0.000000
14,828_FED_20200205c_3T2_PL2017,1.000000
14,831_FED_20200213b_3T2_PL2017,0.000000
15,742_FED_20190320b_3T2_PL2017,0.000000
15,746_FED_20190328a_3T2_PL2017,0.000000
15,747_FED_20190328b_3T2_PL2017,0.000000
15,748_FED_20190328c_3T2_PL2017,1.000000
15,749_FED_20190404a_3T2_PL2017,1.000000
15,750_FED_20190404b_3T2_PL2017,1.000000
15,751_FED_20190404c_3T2_PL2017,1.000000
15,752_FED_20190404d_3T2_PL2017,1.000000
15,753_FED_20190405a_3T2_PL2017,1.000000
15,754_FED_20190405b_3T2_PL2017,0.000000
15,755_FED_20190411a_3T2_PL2017,0.000000
15,756_FED_20190411b_3T2_PL2017,0.000000
15,757_FED_20190411c_3T2_PL2017,1.000000
15,758_FED_20190411d_3T2_PL2017,1.000000
15,768_FED_20190517a_3T2_PL2017,0.000000
15,770_FED_20191120c_3T2_PL2017,0.000000
15,788_FED_20191120b_3T2_PL2017,1.000000
15,803_FED_20191120d_3T2_PL2017,0.000000
15,805_FED_20191204a_3T2_PL2017,0.000000
15,806_FED_20191204b_3T2_PL2017,0.000000
15,807_FED_20191204c_3T2_PL2017,0.000000
15,797_FED_20200205a_3T2_PL2017,0.000000
15,261_FED_20200205b_3T2_PL2017,0.000000
15,824_FED_20200130a_3T2_PL2017,1.000000
15,825_FED_20200130b_3T2_PL2017,1.000000
15,826_FED_20200130c_3T2_PL2017,0.000000
15,827_FED_20200130d_3T2_PL2017,0.000000
15,828_FED_20200205c_3T2_PL2017,0.000000
15,831_FED_20200213b_3T2_PL2017,0.000000
16,742_FED_20190320b_3T2_PL2017,1.000000
16,746_FED_20190328a_3T2_PL2017,0.000000
16,747_FED_20190328b_3T2_PL2017,1.000000
16,748_FED_20190328c_3T2_PL2017,1.000000
16,749_FED_20190404a_3T2_PL2017,0.000000
16,750_FED_20190404b_3T2_PL2017,0.000000
16,751_FED_20190404c_3T2_PL2017,0.000000
16,752_FED_20190404d_3T2_PL2017,1.000000
16,753_FED_20190405a_3T2_PL2017,0.000000
16,754_FED_20190405b_3T2_PL2017,0.000000
16,755_FED_20190411a_3T2_PL2017,0.000000
16,756_FED_20190411b_3T2_PL2017,0.000000
16,757_FED_20190411c_3T2_PL2017,0.000000
16,758_FED_20190411d_3T2_PL2017,0.000000
16,768_FED_20190517a_3T2_PL2017,0.000000
16,770_FED_20191120c_3T2_PL2017,0.000000
16,788_FED_20191120b_3T2_PL2017,0.000000
16,803_FED_20191120d_3T2_PL2017,1.000000
16,805_FED_20191204a_3T2_PL2017,0.000000
16,806_FED_20191204b_3T2_PL2017,0.000000
16,807_FED_20191204c_3T2_PL2017,0.000000
16,797_FED_20200205a_3T2_PL2017,1.000000
16,261_FED_20200205b_3T2_PL2017,1.000000
16,824_FED_20200130a_3T2_PL2017,1.000000
16,825_FED_20200130b_3T2_PL2017,0.000000
16,826_FED_20200130c_3T2_PL2017,0.000000
16,827_FED_20200130d_3T2_PL2017,0.000000
16,828_FED_20200205c_3T2_PL2017,1.000000
16,831_FED_20200213b_3T2_PL2017,1.000000
17,742_FED_20190320b_3T2_PL2017,1.000000
17,746_FED_20190328a_3T2_PL2017,1.000000
17,747_FED_20190328b_3T2_PL2017,1.000000
17,748_FED_20190328c_3T2_PL2017,0.000000
17,749_FED_20190404a_3T2_PL2017,0.000000
17,750_FED_20190404b_3T2_PL2017,0.000000
17,751_FED_20190404c_3T2_PL2017,0.000000
17,752_FED_20190404d_3T2_PL2017,1.000000
17,753_FED_20190405a_3T2_PL2017,1.000000
17,754_FED_20190405b_3T2_PL2017,0.000000
17,755_FED_20190411a_3T2_PL2017,1.000000
17,756_FED_20190411b_3T2_PL2017,1.000000
17,757_FED_20190411c_3T2_PL2017,1.000000
17,758_FED_20190411d_3T2_PL2017,0.000000
17,768_FED_20190517a_3T2_PL2017,1.000000
17,770_FED_20191120c_3T2_PL2017,0.000000
17,788_FED_20191120b_3T2_PL2017,0.000000
17,803_FED_20191120d_3T2_PL2017,1.000000
17,805_FED_20191204a_3T2_PL2017,1.000000
17,806_FED_20191204b_3T2_PL2017,0.000000
17,807_FED_20191204c_3T2_PL2017,0.000000
17,797_FED_20200205a_3T2_PL2017,0.000000
17,261_FED_20200205b_3T2_PL2017,0.000000
17,824_FED_20200130a_3T2_PL2017,1.000000
17,825_FED_20200130b_3T2_PL2017,0.000000
17,826_FED_20200130c_3T2_PL2017,0.000000
17,827_FED_20200130d_3T2_PL2017,0.000000
17,828_FED_20200205c_3T2_PL2017,1.000000
17,831_FED_20200213b_3T2_PL2017,0.000000
18,742_FED_20190320b_3T2_PL2017,0.000000
18,746_FED_20190328a_3T2_PL2017,0.000000
18,747_FED_20190328b_3T2_PL2017,1.000000
18,748_FED_20190328c_3T2_PL2017,1.000000
18,749_FED_20190404a_3T2_PL2017,1.000000
18,750_FED_20190404b_3T2_PL2017,1.000000
18,751_FED_20190404c_3T2_PL2017,1.000000
18,752_FED_20190404d_3T2_PL2017,0.000000
18,753_FED_20190405a_3T2_PL2017,0.000000
18,754_FED_20190405b_3T2_PL2017,1.000000
18,755_FED_20190411a_3T2_PL2017,0.000000
18,756_FED_20190411b_3T2_PL2017,0.000000
18,757_FED_20190411c_3T2_PL2017,0.000000
18,758_FED_20190411d_3T2_PL2017,0.000000
18,768_FED_20190517a_3T2_PL2017,1.000000
18,770_FED_20191120c_3T2_PL2017,0.000000
18,788_FED_20191120b_3T2_PL2017,0.000000
18,803_FED_20191120d_3T2_PL2017,0.000000
18,805_FED_20191204a_3T2_PL2017,0.000000
18,806_FED_20191204b_3T2_PL2017,0.000000
18,807_FED_20191204c_3T2_PL2017,1.000000
18,797_FED_20200205a_3T2_PL2017,0.000000
18,261_FED_20200205b_3T2_PL2017,1.000000
18,824_FED_20200130a_3T2_PL2017,1.000000
18,825_FED_20200130b_3T2_PL2017,0.000000
18,826_FED_20200130c_3T2_PL2017,1.000000
18,827_FED_20200130d_3T2_PL2017,0.000000
18,828_FED_20200205c_3T2_PL2017,1.000000
18,831_FED_20200213b_3T2_PL2017,1.000000
19,742_FED_20190320b_3T2_PL2017,1.000000
19,746_FED_20190328a_3T2_PL2017,1.000000
19,747_FED_20190328b_3T2_PL2017,1.000000
19,748_FED_20190328c_3T2_PL2017,0.000000
19,749_FED_20190404a_3T2_PL2017,0.000000
19,750_FED_20190404b_3T2_PL2017,0.000000
19,751_FED_20190404c_3T2_PL2017,0.000000
19,752_FED_20190404d_3T2_PL2017,0.000000
19,753_FED_20190405a_3T2_PL2017,1.000000
19,754_FED_20190405b_3T2_PL2017,0.000000
19,755_FED_20190411a_3T2_PL2017,0.000000
19,756_FED_20190411b_3T2_PL2017,0.000000
19,757_FED_20190411c_3T2_PL2017,0.000000
19,758_FED_20190411d_3T2_PL2017,1.000000
19,768_FED_20190517a_3T2_PL2017,0.000000
19,770_FED_20191120c_3T2_PL2017,0.000000
19,788_FED_20191120b_3T2_PL2017,1.000000
19,803_FED_20191120d_3T2_PL2017,0.000000
19,805_FED_20191204a_3T2_PL2017,1.000000
19,806_FED_20191204b_3T2_PL2017,0.000000
19,807_FED_20191204c_3T2_PL2017,0.000000
19,797_FED_20200205a_3T2_PL2017,0.000000
19,261_FED_20200205b_3T2_PL2017,1.000000
19,824_FED_20200130a_3T2_PL2017,1.000000
19,825_FED_20200130b_3T2_PL2017,1.000000
19,826_FED_20200130c_3T2_PL2017,0.000000
19,827_FED_20200130d_3T2_PL2017,0.000000
19,828_FED_20200205c_3T2_PL2017,0.000000
19,831_FED_20200213b_3T2_PL2017,0.000000
20,742_FED_20190320b_3T2_PL2017,0.000000
20,746_FED_20190328a_3T2_PL2017,0.000000
20,747_FED_20190328b_3T2_PL2017,0.000000
20,748_FED_20190328c_3T2_PL2017,1.000000
20,749_FED_20190404a_3T2_PL2017,0.000000
20,750_FED_20190404b_3T2_PL2017,0.000000
20,751_FED_20190404c_3T2_PL2017,0.000000
20,752_FED_20190404d_3T2_PL2017,0.000000
20,753_FED_20190405a_3T2_PL2017,1.000000
20,754_FED_20190405b_3T2_PL2017,0.000000
20,755_FED_20190411a_3T2_PL2017,0.000000
20,756_FED_20190411b_3T2_PL2017,0.000000
20,757_FED_20190411c_3T2_PL2017,0.000000
20,758_FED_20190411d_3T2_PL2017,0.000000
20,768_FED_20190517a_3T2_PL2017,0.000000
20,770_FED_20191120c_3T2_PL2017,1.000000
20,788_FED_20191120b_3T2_PL2017,0.000000
20,803_FED_20191120d_3T2_PL2017,0.000000
20,805_FED_20191204a_3T2_PL2017,0.000000
20,806_FED_20191204b_3T2_PL2017,0.000000
20,807_FED_20191204c_3T2_PL2017,0.000000
20,797_FED_20200205a_3T2_PL2017,0.000000
20,261_FED_20200205b_3T2_PL2017,1.000000
20,824_FED_20200130a_3T2_PL2017,0.000000
20,825_FED_20200130b_3T2_PL2017,0.000000
20,826_FED_20200130c_3T2_PL2017,0.000000
20,827_FED_20200130d_3T2_PL2017,0.000000
20,828_FED_20200205c_3T2_PL2017,0.000000
20,831_FED_20200213b_3T2_PL2017,0.000000
21,742_FED_20190320b_3T2_PL2017,1.000000
21,746_FED_20190328a_3T2_PL2017,0.000000
21,747_FED_20190328b_3T2_PL2017,0.000000
21,748_FED_20190328c_3T2_PL2017,0.000000
21,749_FED_20190404a_3T2_PL2017,0.000000
21,750_FED_20190404b_3T2_PL2017,0.000000
21,751_FED_20190404c_3T2_PL2017,1.000000
21,752_FED_20190404d_3T2_PL2017,0.000000
21,753_FED_20190405a_3T2_PL2017,1.000000
21,754_FED_20190405b_3T2_PL2017,0.000000
21,755_FED_20190411a_3T2_PL2017,0.000000
21,756_FED_20190411b_3T2_PL2017,0.000000
21,757_FED_20190411c_3T2_PL2017,0.000000
21,758_FED_20190411d_3T2_PL2017,0.000000
21,768_FED_20190517a_3T2_PL2017,0.000000
21,770_FED_20191120c_3T2_PL2017,0.000000
21,788_FED_20191120b_3T2_PL2017,0.000000
21,803_FED_20191120d_3T2_PL2017,0.000000
21,805_FED_20191204a_3T2_PL2017,0.000000
21,806_FED_20191204b_3T2_PL2017,0.000000
21,807_FED_20191204c_3T2_PL2017,0.000000
21,797_FED_20200205a_3T2_PL2017,0.000000
21,261_FED_20200205b_3T2_PL2017,0.000000
21,824_FED_20200130a_3T2_PL2017,0.000000
21,825_FED_20200130b_3T2_PL2017,0.000000
21,826_FED_20200130c_3T2_PL2017,0.000000
21,827_FED_20200130d_3T2_PL2017,0.000000
21,828_FED_20200205c_3T2_PL2017,1.000000
21,831_FED_20200213b_3T2_PL2017,0.000000
22,742_FED_20190320b_3T2_PL2017,0.000000
22,746_FED_20190328a_3T2_PL2017,0.000000
22,747_FED_20190328b_3T2_PL2017,0.000000
22,748_FED_20190328c_3T2_PL2017,1.000000
22,749_FED_20190404a_3T2_PL2017,1.000000
22,750_FED_20190404b_3T2_PL2017,0.000000
22,751_FED_20190404c_3T2_PL2017,0.000000
22,752_FED_20190404d_3T2_PL2017,0.000000
22,753_FED_20190405a_3T2_PL2017,0.000000
22,754_FED_20190405b_3T2_PL2017,0.000000
22,755_FED_20190411a_3T2_PL2017,0.000000
22,756_FED_20190411b_3T2_PL2017,0.000000
22,757_FED_20190411c_3T2_PL2017,0.000000
22,758_FED_20190411d_3T2_PL2017,0.000000
22,768_FED_20190517a_3T2_PL2017,0.000000
22,770_FED_20191120c_3T2_PL2017,0.000000
22,788_FED_20191120b_3T2_PL2017,0.000000
22,803_FED_20191120d_3T2_PL2017,0.000000
22,805_FED_20191204a_3T2_PL2017,0.000000
22,806_FED_20191204b_3T2_PL2017,0.000000
22,807_FED_20191204c_3T2_PL2017,0.000000
22,797_FED_20200205a_3T2_PL2017,0.000000
22,261_FED_20200205b_3T2_PL2017,0.000000
22,824_FED_20200130a_3T2_PL2017,1.000000
22,825_FED_20200130b_3T2_PL2017,0.000000
22,826_FED_20200130c_3T2_PL2017,0.000000
22,827_FED_20200130d_3T2_PL2017,1.000000
22,828_FED_20200205c_3T2_PL2017,0.000000
22,831_FED_20200213b_3T2_PL2017,0.000000
23,742_FED_20190320b_3T2_PL2017,1.000000
23,746_FED_20190328a_3T2_PL2017,1.000000
23,747_FED_20190328b_3T2_PL2017,0.000000
23,748_FED_20190328c_3T2_PL2017,1.000000
23,749_FED_20190404a_3T2_PL2017,0.000000
23,750_FED_20190404b_3T2_PL2017,1.000000
23,751_FED_20190404c_3T2_PL2017,1.000000
23,752_FED_20190404d_3T2_PL2017,0.000000
23,753_FED_20190405a_3T2_PL2017,0.000000
23,754_FED_20190405b_3T2_PL2017,0.000000
23,755_FED_20190411a_3T2_PL2017,0.000000
23,756_FED_20190411b_3T2_PL2017,0.000000
23,757_FED_20190411c_3T2_PL2017,1.000000
23,758_FED_20190411d_3T2_PL2017,1.000000
23,768_FED_20190517a_3T2_PL2017,1.000000
23,770_FED_20191120c_3T2_PL2017,0.000000
23,788_FED_20191120b_3T2_PL2017,0.000000
23,803_FED_20191120d_3T2_PL2017,1.000000
23,805_FED_20191204a_3T2_PL2017,0.000000
23,806_FED_20191204b_3T2_PL2017,0.000000
23,807_FED_20191204c_3T2_PL2017,0.000000
23,797_FED_20200205a_3T2_PL2017,0.000000
23,261_FED_20200205b_3T2_PL2017,0.000000
23,824_FED_20200130a_3T2_PL2017,0.000000
23,825_FED_20200130b_3T2_PL2017,0.000000
23,826_FED_20200130c_3T2_PL2017,0.000000
23,827_FED_20200130d_3T2_PL2017,0.000000
23,828_FED_20200205c_3T2_PL2017,0.000000
23,831_FED_20200213b_3T2_PL2017,0.000000
24,742_FED_20190320b_3T2_PL2017,0.000000
24,746_FED_20190328a_3T2_PL2017,0.000000
24,747_FED_20190328b_3T2_PL2017,0.000000
24,748_FED_20190328c_3T2_PL2017,0.000000
24,749_FED_20190404a_3T2_PL2017,0.000000
24,750_FED_20190404b_3T2_PL2017,1.000000
24,751_FED_20190404c_3T2_PL2017,1.000000
24,752_FED_20190404d_3T2_PL2017,0.000000
24,753_FED_20190405a_3T2_PL2017,0.000000
24,754_FED_20190405b_3T2_PL2017,1.000000
24,755_FED_20190411a_3T2_PL2017,0.000000
24,756_FED_20190411b_3T2_PL2017,0.000000
24,757_FED_20190411c_3T2_PL2017,0.000000
24,758_FED_20190411d_3T2_PL2017,0.000000
24,768_FED_20190517a_3T2_PL2017,0.000000
24,770_FED_20191120c_3T2_PL2017,0.000000
24,788_FED_20191120b_3T2_PL2017,0.000000
24,803_FED_20191120d_3T2_PL2017,0.000000
24,805_FED_20191204a_3T2_PL2017,0.000000
24,806_FED_20191204b_3T2_PL2017,0.000000
24,807_FED_20191204c_3T2_PL2017,1.000000
24,797_FED_20200205a_3T2_PL2017,0.000000
24,261_FED_20200205b_3T2_PL2017,0.000000
24,824_FED_20200130a_3T2_PL2017,1.000000
24,825_FED_20200130b_3T2_PL2017,0.000000
24,826_FED_20200130c_3T2_PL2017,1.000000
24,827_FED_20200130d_3T2_PL2017,0.000000
24,828_FED_20200205c_3T2_PL2017,0.000000
24,831_FED_20200213b_3T2_PL2017,0.000000
25,742_FED_20190320b_3T2_PL2017,0.000000
25,746_FED_20190328a_3T2_PL2017,0.000000
25,747_FED_20190328b_3T2_PL2017,0.000000
25,748_FED_20190328c_3T2_PL2017,1.000000
25,749_FED_20190404a_3T2_PL2017,0.000000
25,750_FED_20190404b_3T2_PL2017,0.000000
25,751_FED_20190404c_3T2_PL2017,0.000000
25,752_FED_20190404d_3T2_PL2017,0.000000
25,753_FED_20190405a_3T2_PL2017,0.000000
25,754_FED_20190405b_3T2_PL2017,0.000000
25,755_FED_20190411a_3T2_PL2017,0.000000
25,756_FED_20190411b_3T2_PL2017,0.000000
25,757_FED_20190411c_3T2_PL2017,0.000000
25,758_FED_20190411d_3T2_PL2017,0.000000
25,768_FED_20190517a_3T2_PL2017,0.000000
25,770_FED_20191120c_3T2_PL2017,1.000000
25,788_FED_20191120b_3T2_PL2017,0.000000
25,803_FED_20191120d_3T2_PL2017,1.000000
25,805_FED_20191204a_3T2_PL2017,0.000000
25,806_FED_20191204b_3T2_PL2017,0.000000
25,807_FED_20191204c_3T2_PL2017,1.000000
25,797_FED_20200205a_3T2_PL2017,0.000000
25,261_FED_20200205b_3T2_PL2017,1.000000
25,824_FED_20200130a_3T2_PL2017,0.000000
25,825_FED_20200130b_3T2_PL2017,0.000000
25,826_FED_20200130c_3T2_PL2017,0.000000
25,827_FED_20200130d_3T2_PL2017,0.000000
25,828_FED_20200205c_3T2_PL2017,0.000000
25,831_FED_20200213b_3T2_PL2017,1.000000
26,742_FED_20190320b_3T2_PL2017,0.000000
26,746_FED_20190328a_3T2_PL2017,1.000000
26,747_FED_20190328b_3T2_PL2017,0.000000
26,748_FED_20190328c_3T2_PL2017,0.000000
26,749_FED_20190404a_3T2_PL2017,0.000000
26,750_FED_20190404b_3T2_PL2017,0.000000
26,751_FED_20190404c_3T2_PL2017,1.000000
26,752_FED_20190404d_3T2_PL2017,0.000000
26,753_FED_20190405a_3T2_PL2017,0.000000
26,754_FED_20190405b_3T2_PL2017,0.000000
26,755_FED_20190411a_3T2_PL2017,0.000000
26,756_FED_20190411b_3T2_PL2017,0.000000
26,757_FED_20190411c_3T2_PL2017,1.000000
26,758_FED_20190411d_3T2_PL2017,0.000000
26,768_FED_20190517a_3T2_PL2017,0.000000
26,770_FED_20191120c_3T2_PL2017,0.000000
26,788_FED_20191120b_3T2_PL2017,0.000000
26,803_FED_20191120d_3T2_PL2017,0.000000
26,805_FED_20191204a_3T2_PL2017,0.000000
26,806_FED_20191204b_3T2_PL2017,1.000000
26,807_FED_20191204c_3T2_PL2017,0.000000
26,797_FED_20200205a_3T2_PL2017,0.000000
26,261_FED_20200205b_3T2_PL2017,0.000000
26,824_FED_20200130a_3T2_PL2017,0.000000
26,825_FED_20200130b_3T2_PL2017,0.000000
26,826_FED_20200130c_3T2_PL2017,0.000000
26,827_FED_20200130d_3T2_PL2017,0.000000
26,828_FED_20200205c_3T2_PL2017,0.000000
26,831_FED_20200213b_3T2_PL2017,1.000000
27,742_FED_20190320b_3T2_PL2017,1.000000
27,746_FED_20190328a_3T2_PL2017,0.000000
27,747_FED_20190328b_3T2_PL2017,0.000000
27,748_FED_20190328c_3T2_PL2017,0.000000
27,749_FED_20190404a_3T2_PL2017,0.000000
27,750_FED_20190404b_3T2_PL2017,0.000000
27,751_FED_20190404c_3T2_PL2017,0.000000
27,752_FED_20190404d_3T2_PL2017,0.000000
27,753_FED_20190405a_3T2_PL2017,1.000000
27,754_FED_20190405b_3T2_PL2017,0.000000
27,755_FED_20190411a_3T2_PL2017,0.000000
27,756_FED_20190411b_3T2_PL2017,0.000000
27,757_FED_20190411c_3T2_PL2017,0.000000
27,758_FED_20190411d_3T2_PL2017,0.000000
27,768_FED_20190517a_3T2_PL2017,0.000000
27,770_FED_20191120c_3T2_PL2017,0.000000
27,788_FED_20191120b_3T2_PL2017,1.000000
27,803_FED_20191120d_3T2_PL2017,0.000000
27,805_FED_20191204a_3T2_PL2017,0.000000
27,806_FED_20191204b_3T2_PL2017,0.000000
27,807_FED_20191204c_3T2_PL2017,0.000000
27,797_FED_20200205a_3T2_PL2017,0.000000
27,261_FED_20200205b_3T2_PL2017,0.000000
27,824_FED_20200130a_3T2_PL2017,0.000000
27,825_FED_20200130b_3T2_PL2017,0.000000
27,826_FED_20200130c_3T2_PL2017,0.000000
27,827_FED_20200130d_3T2_PL2017,0.000000
27,828_FED_20200205c_3T2_PL2017,1.000000
27,831_FED_20200213b_3T2_PL2017,0.000000
28,742_FED_20190320b_3T2_PL2017,0.000000
28,746_FED_20190328a_3T2_PL2017,1.000000
28,747_FED_20190328b_3T2_PL2017,0.000000
28,748_FED_20190328c_3T2_PL2017,0.000000
28,749_FED_20190404a_3T2_PL2017,0.000000
28,750_FED_20190404b_3T2_PL2017,0.000000
28,751_FED_20190404c_3T2_PL2017,0.000000
28,752_FED_20190404d_3T2_PL2017,0.000000
28,753_FED_20190405a_3T2_PL2017,0.000000
28,754_FED_20190405b_3T2_PL2017,0.000000
28,755_FED_20190411a_3T2_PL2017,0.000000
28,756_FED_20190411b_3T2_PL2017,1.000000
28,757_FED_20190411c_3T2_PL2017,0.000000
28,758_FED_20190411d_3T2_PL2017,0.000000
28,768_FED_20190517a_3T2_PL2017,1.000000
28,770_FED_20191120c_3T2_PL2017,0.000000
28,788_FED_20191120b_3T2_PL2017,0.000000
28,803_FED_20191120d_3T2_PL2017,0.000000
28,805_FED_20191204a_3T2_PL2017,0.000000
28,806_FED_20191204b_3T2_PL2017,0.000000
28,807_FED_20191204c_3T2_PL2017,0.000000
28,797_FED_20200205a_3T2_PL2017,0.000000
28,261_FED_20200205b_3T2_PL2017,0.000000
28,824_FED_20200130a_3T2_PL2017,0.000000
28,825_FED_20200130b_3T2_PL2017,0.000000
28,826_FED_20200130c_3T2_PL2017,1.000000
28,827_FED_20200130d_3T2_PL2017,0.000000
28,828_FED_20200205c_3T2_PL2017,1.000000
28,831_FED_20200213b_3T2_PL2017,1.000000
29,742_FED_20190320b_3T2_PL2017,0.000000
29,746_FED_20190328a_3T2_PL2017,1.000000
29,747_FED_20190328b_3T2_PL2017,0.000000
29,748_FED_20190328c_3T2_PL2017,1.000000
29,749_FED_20190404a_3T2_PL2017,1.000000
29,750_FED_20190404b_3T2_PL2017,0.000000
29,751_FED_20190404c_3T2_PL2017,0.000000
29,752_FED_20190404d_3T2_PL2017,0.000000
29,753_FED_20190405a_3T2_PL2017,0.000000
29,754_FED_20190405b_3T2_PL2017,0.000000
29,755_FED_20190411a_3T2_PL2017,1.000000
29,756_FED_20190411b_3T2_PL2017,0.000000
29,757_FED_20190411c_3T2_PL2017,1.000000
29,758_FED_20190411d_3T2_PL2017,0.000000
29,768_FED_20190517a_3T2_PL2017,0.000000
29,770_FED_20191120c_3T2_PL2017,0.000000
29,788_FED_20191120b_3T2_PL2017,0.000000
29,803_FED_20191120d_3T2_PL2017,0.000000
29,805_FED_20191204a_3T2_PL2017,0.000000
29,806_FED_20191204b_3T2_PL2017,0.000000
29,807_FED_20191204c_3T2_PL2017,0.000000
29,797_FED_20200205a_3T2_PL2017,0.000000
29,261_FED_20200205b_3T2_PL2017,0.000000
29,824_FED_20200130a_3T2_PL2017,0.000000
29,825_FED_20200130b_3T2_PL2017,0.000000
29,826_FED_20200130c_3T2_PL2017,1.000000
29,827_FED_20200130d_3T2_PL2017,1.000000
29,828_FED_20200205c_3T2_PL2017,0.000000
29,831_FED_20200213b_3T2_PL2017,0.000000
30,742_FED_20190320b_3T2_PL2017,0.000000
30,746_FED_20190328a_3T2_PL2017,0.000000
30,747_FED_20190328b_3T2_PL2017,0.000000
30,748_FED_20190328c_3T2_PL2017,0.000000
30,749_FED_20190404a_3T2_PL2017,0.000000
30,750_FED_20190404b_3T2_PL2017,0.000000
30,751_FED_20190404c_3T2_PL2017,0.000000
30,752_FED_20190404d_3T2_PL2017,0.000000
30,753_FED_20190405a_3T2_PL2017,0.000000
30,754_FED_20190405b_3T2_PL2017,0.000000
30,755_FED_20190411a_3T2_PL2017,0.000000
30,756_FED_20190411b_3T2_PL2017,0.000000
30,757_FED_20190411c_3T2_PL2017,0.000000
30,758_FED_20190411d_3T2_PL2017,0.000000
30,768_FED_20190517a_3T2_PL2017,1.000000
30,770_FED_20191120c_3T2_PL2017,0.000000
30,788_FED_20191120b_3T2_PL2017,0.000000
30,803_FED_20191120d_3T2_PL2017,0.000000
30,805_FED_20191204a_3T2_PL2017,0.000000
30,806_FED_20191204b_3T2_PL2017,0.000000
30,807_FED_20191204c_3T2_PL2017,0.000000
30,797_FED_20200205a_3T2_PL2017,1.000000
30,261_FED_20200205b_3T2_PL2017,1.000000
30,824_FED_20200130a_3T2_PL2017,0.000000
30,825_FED_20200130b_3T2_PL2017,0.000000
30,826_FED_20200130c_3T2_PL2017,0.000000
30,827_FED_20200130d_3T2_PL2017,1.000000
30,828_FED_20200205c_3T2_PL2017,0.000000
30,831_FED_20200213b_3T2_PL2017,1.000000
31,742_FED_20190320b_3T2_PL2017,0.000000
31,746_FED_20190328a_3T2_PL2017,0.000000
31,747_FED_20190328b_3T2_PL2017,0.000000
31,748_FED_20190328c_3T2_PL2017,1.000000
31,749_FED_20190404a_3T2_PL2017,0.000000
31,750_FED_20190404b_3T2_PL2017,0.000000
31,751_FED_20190404c_3T2_PL2017,0.000000
31,752_FED_20190404d_3T2_PL2017,0.000000
31,753_FED_20190405a_3T2_PL2017,0.000000
31,754_FED_20190405b_3T2_PL2017,0.000000
31,755_FED_20190411a_3T2_PL2017,0.000000
31,756_FED_20190411b_3T2_PL2017,1.000000
31,757_FED_20190411c_3T2_PL2017,1.000000
31,758_FED_20190411d_3T2_PL2017,0.000000
31,768_FED_20190517a_3T2_PL2017,1.000000
31,770_FED_20191120c_3T2_PL2017,0.000000
31,788_FED_20191120b_3T2_PL2017,0.000000
31,803_FED_20191120d_3T2_PL2017,0.000000
31,805_FED_20191204a_3T2_PL2017,0.000000
31,806_FED_20191204b_3T2_PL2017,0.000000
31,807_FED_20191204c_3T2_PL2017,0.000000
31,797_FED_20200205a_3T2_PL2017,0.000000
31,261_FED_20200205b_3T2_PL2017,0.000000
31,824_FED_20200130a_3T2_PL2017,1.000000
31,825_FED_20200130b_3T2_PL2017,0.000000
31,826_FED_20200130c_3T2_PL2017,0.000000
31,827_FED_20200130d_3T2_PL2017,1.000000
31,828_FED_20200205c_3T2_PL2017,0.000000
31,831_FED_20200213b_3T2_PL2017,1.000000
32,742_FED_20190320b_3T2_PL2017,0.000000
32,746_FED_20190328a_3T2_PL2017,0.000000
32,747_FED_20190328b_3T2_PL2017,0.000000
32,748_FED_20190328c_3T2_PL2017,0.000000
32,749_FED_20190404a_3T2_PL2017,0.000000
32,750_FED_20190404b_3T2_PL2017,0.000000
32,751_FED_20190404c_3T2_PL2017,0.000000
32,752_FED_20190404d_3T2_PL2017,0.000000
32,753_FED_20190405a_3T2_PL2017,1.000000
32,754_FED_20190405b_3T2_PL2017,0.000000
32,755_FED_20190411a_3T2_PL2017,0.000000
32,756_FED_20190411b_3T2_PL2017,0.000000
32,757_FED_20190411c_3T2_PL2017,1.000000
32,758_FED_20190411d_3T2_PL2017,0.000000
32,768_FED_20190517a_3T2_PL2017,0.000000
32,770_FED_20191120c_3T2_PL2017,0.000000
32,788_FED_20191120b_3T2_PL2017,0.000000
32,803_FED_20191120d_3T2_PL2017,0.000000
32,805_FED_20191204a_3T2_PL2017,0.000000
32,806_FED_20191204b_3T2_PL2017,0.000000
32,807_FED_20191204c_3T2_PL2017,0.000000
32,797_FED_20200205a_3T2_PL2017,0.000000
32,261_FED_20200205b_3T2_PL2017,0.000000
32,824_FED_20200130a_3T2_PL2017,1.000000
32,825_FED_20200130b_3T2_PL2017,0.000000
32,826_FED_20200130c_3T2_PL2017,0.000000
32,827_FED_20200130d_3T2_PL2017,0.000000
32,828_FED_20200205c_3T2_PL2017,1.000000
32,831_FED_20200213b_3T2_PL2017,0.000000
33,742_FED_20190320b_3T2_PL2017,0.000000
33,746_FED_20190328a_3T2_PL2017,0.000000
33,747_FED_20190328b_3T2_PL2017,0.000000
33,748_FED_20190328c_3T2_PL2017,0.000000
33,749_FED_20190404a_3T2_PL2017,0.000000
33,750_FED_20190404b_3T2_PL2017,0.000000
33,751_FED_20190404c_3T2_PL2017,0.000000
33,752_FED_20190404d_3T2_PL2017,0.000000
33,753_FED_20190405a_3T2_PL2017,1.000000
33,754_FED_20190405b_3T2_PL2017,0.000000
33,755_FED_20190411a_3T2_PL2017,0.000000
33,756_FED_20190411b_3T2_PL2017,0.000000
33,757_FED_20190411c_3T2_PL2017,0.000000
33,758_FED_20190411d_3T2_PL2017,0.000000
33,768_FED_20190517a_3T2_PL2017,0.000000
33,770_FED_20191120c_3T2_PL2017,0.000000
33,788_FED_20191120b_3T2_PL2017,0.000000
33,803_FED_20191120d_3T2_PL2017,1.000000
33,805_FED_20191204a_3T2_PL2017,0.000000
33,806_FED_20191204b_3T2_PL2017,0.000000
33,807_FED_20191204c_3T2_PL2017,0.000000
33,797_FED_20200205a_3T2_PL2017,0.000000
33,261_FED_20200205b_3T2_PL2017,0.000000
33,824_FED_20200130a_3T2_PL2017,0.000000
33,825_FED_20200130b_3T2_PL2017,0.000000
33,826_FED_20200130c_3T2_PL2017,0.000000
33,827_FED_20200130d_3T2_PL2017,0.000000
33,828_FED_20200205c_3T2_PL2017,1.000000
33,831_FED_20200213b_3T2_PL2017,0.000000
34,742_FED_20190320b_3T2_PL2017,0.000000
34,746_FED_20190328a_3T2_PL2017,0.000000
34,747_FED_20190328b_3T2_PL2017,0.000000
34,748_FED_20190328c_3T2_PL2017,0.000000
34,749_FED_20190404a_3T2_PL2017,0.000000
34,750_FED_20190404b_3T2_PL2017,0.000000
34,751_FED_20190404c_3T2_PL2017,0.000000
34,752_FED_20190404d_3T2_PL2017,0.000000
34,753_FED_20190405a_3T2_PL2017,1.000000
34,754_FED_20190405b_3T2_PL2017,0.000000
34,755_FED_20190411a_3T2_PL2017,0.000000
34,756_FED_20190411b_3T2_PL2017,0.000000
34,757_FED_20190411c_3T2_PL2017,0.000000
34,758_FED_20190411d_3T2_PL2017,0.000000
34,768_FED_20190517a_3T2_PL2017,0.000000
34,770_FED_20191120c_3T2_PL2017,0.000000
34,788_FED_20191120b_3T2_PL2017,0.000000
34,803_FED_20191120d_3T2_PL2017,0.000000
34,805_FED_20191204a_3T2_PL2017,0.000000
34,806_FED_20191204b_3T2_PL2017,0.000000
34,807_FED_20191204c_3T2_PL2017,0.000000
34,797_FED_20200205a_3T2_PL2017,0.000000
34,261_FED_20200205b_3T2_PL2017,0.000000
34,824_FED_20200130a_3T2_PL2017,0.000000
34,825_FED_20200130b_3T2_PL2017,0.000000
34,826_FED_20200130c_3T2_PL2017,0.000000
34,827_FED_20200130d_3T2_PL2017,0.000000
34,828_FED_20200205c_3T2_PL2017,1.000000
34,831_FED_20200213b_3T2_PL2017,0.000000
35,742_FED_20190320b_3T2_PL2017,0.000000
35,746_FED_20190328a_3T2_PL2017,0.000000
35,747_FED_20190328b_3T2_PL2017,0.000000
35,748_FED_20190328c_3T2_PL2017,0.000000
35,749_FED_20190404a_3T2_PL2017,1.000000
35,750_FED_20190404b_3T2_PL2017,1.000000
35,751_FED_20190404c_3T2_PL2017,0.000000
35,752_FED_20190404d_3T2_PL2017,0.000000
35,753_FED_20190405a_3T2_PL2017,0.000000
35,754_FED_20190405b_3T2_PL2017,0.000000
35,755_FED_20190411a_3T2_PL2017,1.000000
35,756_FED_20190411b_3T2_PL2017,0.000000
35,757_FED_20190411c_3T2_PL2017,0.000000
35,758_FED_20190411d_3T2_PL2017,0.000000
35,768_FED_20190517a_3T2_PL2017,0.000000
35,770_FED_20191120c_3T2_PL2017,0.000000
35,788_FED_20191120b_3T2_PL2017,0.000000
35,803_FED_20191120d_3T2_PL2017,0.000000
35,805_FED_20191204a_3T2_PL2017,0.000000
35,806_FED_20191204b_3T2_PL2017,1.000000
35,807_FED_20191204c_3T2_PL2017,0.000000
35,797_FED_20200205a_3T2_PL2017,0.000000
35,261_FED_20200205b_3T2_PL2017,1.000000
35,824_FED_20200130a_3T2_PL2017,0.000000
35,825_FED_20200130b_3T2_PL2017,0.000000
35,826_FED_20200130c_3T2_PL2017,0.000000
35,827_FED_20200130d_3T2_PL2017,0.000000
35,828_FED_20200205c_3T2_PL2017,0.000000
35,831_FED_20200213b_3T2_PL2017,0.000000
36,742_FED_20190320b_3T2_PL2017,0.000000
36,746_FED_20190328a_3T2_PL2017,0.000000
36,747_FED_20190328b_3T2_PL2017,0.000000
36,748_FED_20190328c_3T2_PL2017,0.000000
36,749_FED_20190404a_3T2_PL2017,0.000000
36,750_FED_20190404b_3T2_PL2017,0.000000
36,751_FED_20190404c_3T2_PL2017,0.000000
36,752_FED_20190404d_3T2_PL2017,0.000000
36,753_FED_20190405a_3T2_PL2017,1.000000
36,754_FED_20190405b_3T2_PL2017,0.000000
36,755_FED_20190411a_3T2_PL2017,0.000000
36,756_FED_20190411b_3T2_PL2017,0.000000
36,757_FED_20190411c_3T2_PL2017,0.000000
36,758_FED_20190411d_3T2_PL2017,0.000000
36,768_FED_20190517a_3T2_PL2017,0.000000
36,770_FED_20191120c_3T2_PL2017,0.000000
36,788_FED_20191120b_3T2_PL2017,0.000000
36,803_FED_20191120d_3T2_PL2017,1.000000
36,805_FED_20191204a_3T2_PL2017,0.000000
36,806_FED_20191204b_3T2_PL2017,0.000000
36,807_FED_20191204c_3T2_PL2017,0.000000
36,797_FED_20200205a_3T2_PL2017,0.000000
36,261_FED_20200205b_3T2_PL2017,1.000000
36,824_FED_20200130a_3T2_PL2017,1.000000
36,825_FED_20200130b_3T2_PL2017,0.000000
36,826_FED_20200130c_3T2_PL2017,0.000000
36,827_FED_20200130d_3T2_PL2017,0.000000
36,828_FED_20200205c_3T2_PL2017,1.000000
36,831_FED_20200213b_3T2_PL2017,0.000000
37,742_FED_20190320b_3T2_PL2017,1.000000
37,746_FED_20190328a_3T2_PL2017,0.000000
37,747_FED_20190328b_3T2_PL2017,0.000000
37,748_FED_20190328c_3T2_PL2017,1.000000
37,749_FED_20190404a_3T2_PL2017,0.000000
37,750_FED_20190404b_3T2_PL2017,0.000000
37,751_FED_20190404c_3T2_PL2017,0.000000
37,752_FED_20190404d_3T2_PL2017,0.000000
37,753_FED_20190405a_3T2_PL2017,1.000000
37,754_FED_20190405b_3T2_PL2017,0.000000
37,755_FED_20190411a_3T2_PL2017,0.000000
37,756_FED_20190411b_3T2_PL2017,0.000000
37,757_FED_20190411c_3T2_PL2017,0.000000
37,758_FED_20190411d_3T2_PL2017,0.000000
37,768_FED_20190517a_3T2_PL2017,0.000000
37,770_FED_20191120c_3T2_PL2017,0.000000
37,788_FED_20191120b_3T2_PL2017,0.000000
37,803_FED_20191120d_3T2_PL2017,0.000000
37,805_FED_20191204a_3T2_PL2017,0.000000
37,806_FED_20191204b_3T2_PL2017,0.000000
37,807_FED_20191204c_3T2_PL2017,0.000000
37,797_FED_20200205a_3T2_PL2017,0.000000
37,261_FED_20200205b_3T2_PL2017,1.000000
37,824_FED_20200130a_3T2_PL2017,0.000000
37,825_FED_20200130b_3T2_PL2017,1.000000
37,826_FED_20200130c_3T2_PL2017,0.000000
37,827_FED_20200130d_3T2_PL2017,0.000000
37,828_FED_20200205c_3T2_PL2017,0.000000
37,831_FED_20200213b_3T2_PL2017,0.000000
38,742_FED_20190320b_3T2_PL2017,0.000000
38,746_FED_20190328a_3T2_PL2017,1.000000
38,747_FED_20190328b_3T2_PL2017,1.000000
38,748_FED_20190328c_3T2_PL2017,0.000000
38,749_FED_20190404a_3T2_PL2017,0.000000
38,750_FED_20190404b_3T2_PL2017,0.000000
38,751_FED_20190404c_3T2_PL2017,1.000000
38,752_FED_20190404d_3T2_PL2017,0.000000
38,753_FED_20190405a_3T2_PL2017,0.000000
38,754_FED_20190405b_3T2_PL2017,0.000000
38,755_FED_20190411a_3T2_PL2017,0.000000
38,756_FED_20190411b_3T2_PL2017,0.000000
38,757_FED_20190411c_3T2_PL2017,0.000000
38,758_FED_20190411d_3T2_PL2017,0.000000
38,768_FED_20190517a_3T2_PL2017,1.000000
38,770_FED_20191120c_3T2_PL2017,0.000000
38,788_FED_20191120b_3T2_PL2017,0.000000
38,803_FED_20191120d_3T2_PL2017,0.000000
38,805_FED_20191204a_3T2_PL2017,0.000000
38,806_FED_20191204b_3T2_PL2017,0.000000
38,807_FED_20191204c_3T2_PL2017,1.000000
38,797_FED_20200205a_3T2_PL2017,0.000000
38,261_FED_20200205b_3T2_PL2017,0.000000
38,824_FED_20200130a_3T2_PL2017,0.000000
38,825_FED_20200130b_3T2_PL2017,0.000000
38,826_FED_20200130c_3T2_PL2017,1.000000
38,827_FED_20200130d_3T2_PL2017,0.000000
38,828_FED_20200205c_3T2_PL2017,0.000000
38,831_FED_20200213b_3T2_PL2017,0.000000
39,742_FED_20190320b_3T2_PL2017,0.000000
39,746_FED_20190328a_3T2_PL2017,0.000000
39,747_FED_20190328b_3T2_PL2017,0.000000
39,748_FED_20190328c_3T2_PL2017,1.000000
39,749_FED_20190404a_3T2_PL2017,0.000000
39,750_FED_20190404b_3T2_PL2017,0.000000
39,751_FED_20190404c_3T2_PL2017,0.000000
39,752_FED_20190404d_3T2_PL2017,1.000000
39,753_FED_20190405a_3T2_PL2017,0.000000
39,754_FED_20190405b_3T2_PL2017,1.000000
39,755_FED_20190411a_3T2_PL2017,0.000000
39,756_FED_20190411b_3T2_PL2017,0.000000
39,757_FED_20190411c_3T2_PL2017,1.000000
39,758_FED_20190411d_3T2_PL2017,0.000000
39,768_FED_20190517a_3T2_PL2017,0.000000
39,770_FED_20191120c_3T2_PL2017,0.000000
39,788_FED_20191120b_3T2_PL2017,0.000000
39,803_FED_20191120d_3T2_PL2017,0.000000
39,805_FED_20191204a_3T2_PL2017,0.000000
39,806_FED_20191204b_3T2_PL2017,0.000000
39,807_FED_20191204c_3T2_PL2017,0.000000
39,797_FED_20200205a_3T2_PL2017,0.000000
39,261_FED_20200205b_3T2_PL2017,0.000000
39,824_FED_20200130a_3T2_PL2017,0.000000
39,825_FED_20200130b_3T2_PL2017,0.000000
39,826_FED_20200130c_3T2_PL2017,0.000000
39,827_FED_20200130d_3T2_PL2017,0.000000
39,828_FED_20200205c_3T2_PL2017,0.000000
39,831_FED_20200213b_3T2_PL2017,0.000000
40,742_FED_20190320b_3T2_PL2017,0.000000
40,746_FED_20190328a_3T2_PL2017,0.000000
40,747_FED_20190328b_3T2_PL2017,1.000000
40,748_FED_20190328c_3T2_PL2017,0.000000
40,749_FED_20190404a_3T2_PL2017,0.000000
40,750_FED_20190404b_3T2_PL2017,0.000000
40,751_FED_20190404c_3T2_PL2017,0.000000
40,752_FED_20190404d_3T2_PL2017,0.000000
40,753_FED_20190405a_3T2_PL2017,0.000000
40,754_FED_20190405b_3T2_PL2017,0.000000
40,755_FED_20190411a_3T2_PL2017,0.000000
40,756_FED_20190411b_3T2_PL2017,0.000000
40,757_FED_20190411c_3T2_PL2017,0.000000
40,758_FED_20190411d_3T2_PL2017,0.000000
40,768_FED_20190517a_3T2_PL2017,0.000000
40,770_FED_20191120c_3T2_PL2017,0.000000
40,788_FED_20191120b_3T2_PL2017,0.000000
40,803_FED_20191120d_3T2_PL2017,0.000000
40,805_FED_20191204a_3T2_PL2017,0.000000
40,806_FED_20191204b_3T2_PL2017,0.000000
40,807_FED_20191204c_3T2_PL2017,0.000000
40,797_FED_20200205a_3T2_PL2017,0.000000
40,261_FED_20200205b_3T2_PL2017,0.000000
40,824_FED_20200130a_3T2_PL2017,0.000000
40,825_FED_20200130b_3T2_PL2017,0.000000
40,826_FED_20200130c_3T2_PL2017,0.000000
40,827_FED_20200130d_3T2_PL2017,1.000000
40,828_FED_20200205c_3T2_PL2017,1.000000
40,831_FED_20200213b_3T2_PL2017,0.000000
41,742_FED_20190320b_3T2_PL2017,0.000000
41,746_FED_20190328a_3T2_PL2017,0.000000
41,747_FED_20190328b_3T2_PL2017,0.000000
41,748_FED_20190328c_3T2_PL2017,0.000000
41,749_FED_20190404a_3T2_PL2017,0.000000
41,750_FED_20190404b_3T2_PL2017,0.000000
41,751_FED_20190404c_3T2_PL2017,0.000000
41,752_FED_20190404d_3T2_PL2017,0.000000
41,753_FED_20190405a_3T2_PL2017,0.000000
41,754_FED_20190405b_3T2_PL2017,0.000000
41,755_FED_20190411a_3T2_PL2017,0.000000
41,756_FED_20190411b_3T2_PL2017,0.000000
41,757_FED_20190411c_3T2_PL2017,0.000000
41,758_FED_20190411d_3T2_PL2017,0.000000
41,768_FED_20190517a_3T2_PL2017,0.000000
41,770_FED_20191120c_3T2_PL2017,0.000000
41,788_FED_20191120b_3T2_PL2017,0.000000
41,803_FED_20191120d_3T2_PL2017,1.000000
41,805_FED_20191204a_3T2_PL2017,0.000000
41,806_FED_20191204b_3T2_PL2017,0.000000
41,807_FED_20191204c_3T2_PL2017,0.000000
41,797_FED_20200205a_3T2_PL2017,0.000000
41,261_FED_20200205b_3T2_PL2017,1.000000
41,824_FED_20200130a_3T2_PL2017,0.000000
41,825_FED_20200130b_3T2_PL2017,0.000000
41,826_FED_20200130c_3T2_PL2017,0.000000
41,827_FED_20200130d_3T2_PL2017,0.000000
41,828_FED_20200205c_3T2_PL2017,0.000000
41,831_FED_20200213b_3T2_PL2017,1.000000
42,742_FED_20190320b_3T2_PL2017,0.000000
42,746_FED_20190328a_3T2_PL2017,0.000000
42,747_FED_20190328b_3T2_PL2017,0.000000
42,748_FED_20190328c_3T2_PL2017,0.000000
42,749_FED_20190404a_3T2_PL2017,0.000000
42,750_FED_20190404b_3T2_PL2017,0.000000
42,751_FED_20190404c_3T2_PL2017,0.000000
42,752_FED_20190404d_3T2_PL2017,0.000000
42,753_FED_20190405a_3T2_PL2017,0.000000
42,754_FED_20190405b_3T2_PL2017,0.000000
42,755_FED_20190411a_3T2_PL2017,0.000000
42,756_FED_20190411b_3T2_PL2017,0.000000
42,757_FED_20190411c_3T2_PL2017,0.000000
42,758_FED_20190411d_3T2_PL2017,0.000000
42,768_FED_20190517a_3T2_PL2017,0.000000
42,770_FED_20191120c_3T2_PL2017,0.000000
42,788_FED_20191120b_3T2_PL2017,0.000000
42,803_FED_20191120d_3T2_PL2017,0.000000
42,805_FED_20191204a_3T2_PL2017,0.000000
42,806_FED_20191204b_3T2_PL2017,0.000000
42,807_FED_20191204c_3T2_PL2017,0.000000
42,797_FED_20200205a_3T2_PL2017,0.000000
42,261_FED_20200205b_3T2_PL2017,1.000000
42,824_FED_20200130a_3T2_PL2017,0.000000
42,825_FED_20200130b_3T2_PL2017,0.000000
42,826_FED_20200130c_3T2_PL2017,1.000000
42,827_FED_20200130d_3T2_PL2017,0.000000
42,828_FED_20200205c_3T2_PL2017,0.000000
42,831_FED_20200213b_3T2_PL2017,0.000000
43,742_FED_20190320b_3T2_PL2017,0.000000
43,746_FED_20190328a_3T2_PL2017,0.000000
43,747_FED_20190328b_3T2_PL2017,0.000000
43,748_FED_20190328c_3T2_PL2017,0.000000
43,749_FED_20190404a_3T2_PL2017,0.000000
43,750_FED_20190404b_3T2_PL2017,0.000000
43,751_FED_20190404c_3T2_PL2017,0.000000
43,752_FED_20190404d_3T2_PL2017,0.000000
43,753_FED_20190405a_3T2_PL2017,0.000000
43,754_FED_20190405b_3T2_PL2017,0.000000
43,755_FED_20190411a_3T2_PL2017,0.000000
43,756_FED_20190411b_3T2_PL2017,0.000000
43,757_FED_20190411c_3T2_PL2017,1.000000
43,758_FED_20190411d_3T2_PL2017,0.000000
43,768_FED_20190517a_3T2_PL2017,0.000000
43,770_FED_20191120c_3T2_PL2017,0.000000
43,788_FED_20191120b_3T2_PL2017,0.000000
43,803_FED_20191120d_3T2_PL2017,0.000000
43,805_FED_20191204a_3T2_PL2017,0.000000
43,806_FED_20191204b_3T2_PL2017,0.000000
43,807_FED_20191204c_3T2_PL2017,0.000000
43,797_FED_20200205a_3T2_PL2017,0.000000
43,261_FED_20200205b_3T2_PL2017,1.000000
43,824_FED_20200130a_3T2_PL2017,0.000000
43,825_FED_20200130b_3T2_PL2017,0.000000
43,826_FED_20200130c_3T2_PL2017,0.000000
43,827_FED_20200130d_3T2_PL2017,1.000000
43,828_FED_20200205c_3T2_PL2017,1.000000
43,831_FED_20200213b_3T2_PL2017,0.000000
44,742_FED_20190320b_3T2_PL2017,0.000000
44,746_FED_20190328a_3T2_PL2017,0.000000
44,747_FED_20190328b_3T2_PL2017,0.000000
44,748_FED_20190328c_3T2_PL2017,0.000000
44,749_FED_20190404a_3T2_PL2017,0.000000
44,750_FED_20190404b_3T2_PL2017,0.000000
44,751_FED_20190404c_3T2_PL2017,0.000000
44,752_FED_20190404d_3T2_PL2017,0.000000
44,753_FED_20190405a_3T2_PL2017,0.000000
44,754_FED_20190405b_3T2_PL2017,0.000000
44,755_FED_20190411a_3T2_PL2017,0.000000
44,756_FED_20190411b_3T2_PL2017,0.000000
44,757_FED_20190411c_3T2_PL2017,0.000000
44,758_FED_20190411d_3T2_PL2017,0.000000
44,768_FED_20190517a_3T2_PL2017,0.000000
44,770_FED_20191120c_3T2_PL2017,0.000000
44,788_FED_20191120b_3T2_PL2017,0.000000
44,803_FED_20191120d_3T2_PL2017,0.000000
44,805_FED_20191204a_3T2_PL2017,0.000000
44,806_FED_20191204b_3T2_PL2017,0.000000
44,807_FED_20191204c_3T2_PL2017,0.000000
44,797_FED_20200205a_3T2_PL2017,0.000000
44,261_FED_20200205b_3T2_PL2017,0.000000
44,824_FED_20200130a_3T2_PL2017,0.000000
44,825_FED_20200130b_3T2_PL2017,0.000000
44,826_FED_20200130c_3T2_PL2017,0.000000
44,827_FED_20200130d_3T2_PL2017,0.000000
44,828_FED_20200205c_3T2_PL2017,1.000000
44,831_FED_20200213b_3T2_PL2017,0.000000
45,742_FED_20190320b_3T2_PL2017,0.000000
45,746_FED_20190328a_3T2_PL2017,0.000000
45,747_FED_20190328b_3T2_PL2017,0.000000
45,748_FED_20190328c_3T2_PL2017,0.000000
45,749_FED_20190404a_3T2_PL2017,0.000000
45,750_FED_20190404b_3T2_PL2017,0.000000
45,751_FED_20190404c_3T2_PL2017,0.000000
45,752_FED_20190404d_3T2_PL2017,0.000000
45,753_FED_20190405a_3T2_PL2017,0.000000
45,754_FED_20190405b_3T2_PL2017,0.000000
45,755_FED_20190411a_3T2_PL2017,0.000000
45,756_FED_20190411b_3T2_PL2017,0.000000
45,757_FED_20190411c_3T2_PL2017,0.000000
45,758_FED_20190411d_3T2_PL2017,0.000000
45,768_FED_20190517a_3T2_PL2017,0.000000
45,770_FED_20191120c_3T2_PL2017,0.000000
45,788_FED_20191120b_3T2_PL2017,0.000000
45,803_FED_20191120d_3T2_PL2017,0.000000
45,805_FED_20191204a_3T2_PL2017,0.000000
45,806_FED_20191204b_3T2_PL2017,0.000000
45,807_FED_20191204c_3T2_PL2017,0.000000
45,797_FED_20200205a_3T2_PL2017,0.000000
45,261_FED_20200205b_3T2_PL2017,0.000000
45,824_FED_20200130a_3T2_PL2017,0.000000
45,825_FED_20200130b_3T2_PL2017,1.000000
45,826_FED_20200130c_3T2_PL2017,0.000000
45,827_FED_20200130d_3T2_PL2017,0.000000
45,828_FED_20200205c_3T2_PL2017,0.000000
45,831_FED_20200213b_3T2_PL2017,0.000000
46,742_FED_20190320b_3T2_PL2017,0.000000
46,746_FED_20190328a_3T2_PL2017,0.000000
46,747_FED_20190328b_3T2_PL2017,0.000000
46,748_FED_20190328c_3T2_PL2017,0.000000
46,749_FED_20190404a_3T2_PL2017,0.000000
46,750_FED_20190404b_3T2_PL2017,0.000000
46,751_FED_20190404c_3T2_PL2017,0.000000
46,752_FED_20190404d_3T2_PL2017,0.000000
46,753_FED_20190405a_3T2_PL2017,0.000000
46,754_FED_20190405b_3T2_PL2017,0.000000
46,755_FED_20190411a_3T2_PL2017,0.000000
46,756_FED_20190411b_3T2_PL2017,0.000000
46,757_FED_20190411c_3T2_PL2017,0.000000
46,758_FED_20190411d_3T2_PL2017,0.000000
46,768_FED_20190517a_3T2_PL2017,0.000000
46,770_FED_20191120c_3T2_PL2017,0.000000
46,788_FED_20191120b_3T2_PL2017,0.000000
46,803_FED_20191120d_3T2_PL2017,0.000000
46,805_FED_20191204a_3T2_PL2017,0.000000
46,806_FED_20191204b_3T2_PL2017,0.000000
46,807_FED_20191204c_3T2_PL2017,0.000000
46,797_FED_20200205a_3T2_PL2017,0.000000
46,261_FED_20200205b_3T2_PL2017,0.000000
46,824_FED_20200130a_3T2_PL2017,0.000000
46,825_FED_20200130b_3T2_PL2017,0.000000
46,826_FED_20200130c_3T2_PL2017,0.000000
46,827_FED_20200130d_3T2_PL2017,0.000000
46,828_FED_20200205c_3T2_PL2017,1.000000
46,831_FED_20200213b_3T2_PL2017,0.000000
47,742_FED_20190320b_3T2_PL2017,0.000000
47,746_FED_20190328a_3T2_PL2017,0.000000
47,747_FED_20190328b_3T2_PL2017,0.000000
47,748_FED_20190328c_3T2_PL2017,0.000000
47,749_FED_20190404a_3T2_PL2017,0.000000
47,750_FED_20190404b_3T2_PL2017,0.000000
47,751_FED_20190404c_3T2_PL2017,1.000000
47,752_FED_20190404d_3T2_PL2017,0.000000
47,753_FED_20190405a_3T2_PL2017,0.000000
47,754_FED_20190405b_3T2_PL2017,0.000000
47,755_FED_20190411a_3T2_PL2017,0.000000
47,756_FED_20190411b_3T2_PL2017,1.000000
47,757_FED_20190411c_3T2_PL2017,0.000000
47,758_FED_20190411d_3T2_PL2017,0.000000
47,768_FED_20190517a_3T2_PL2017,0.000000
47,770_FED_20191120c_3T2_PL2017,0.000000
47,788_FED_20191120b_3T2_PL2017,0.000000
47,803_FED_20191120d_3T2_PL2017,0.000000
47,805_FED_20191204a_3T2_PL2017,0.000000
47,806_FED_20191204b_3T2_PL2017,0.000000
47,807_FED_20191204c_3T2_PL2017,0.000000
47,797_FED_20200205a_3T2_PL2017,0.000000
47,261_FED_20200205b_3T2_PL2017,0.000000
47,824_FED_20200130a_3T2_PL2017,0.000000
47,825_FED_20200130b_3T2_PL2017,0.000000
47,826_FED_20200130c_3T2_PL2017,0.000000
47,827_FED_20200130d_3T2_PL2017,0.000000
47,828_FED_20200205c_3T2_PL2017,0.000000
47,831_FED_20200213b_3T2_PL2017,0.000000
48,742_FED_20190320b_3T2_PL2017,0.000000
48,746_FED_20190328a_3T2_PL2017,0.000000
48,747_FED_20190328b_3T2_PL2017,0.000000
48,748_FED_20190328c_3T2_PL2017,0.000000
48,749_FED_20190404a_3T2_PL2017,0.000000
48,750_FED_20190404b_3T2_PL2017,0.000000
48,751_FED_20190404c_3T2_PL2017,0.000000
48,752_FED_20190404d_3T2_PL2017,0.000000
48,753_FED_20190405a_3T2_PL2017,0.000000
48,754_FED_20190405b_3T2_PL2017,0.000000
48,755_FED_20190411a_3T2_PL2017,0.000000
48,756_FED_20190411b_3T2_PL2017,0.000000
48,757_FED_20190411c_3T2_PL2017,0.000000
48,758_FED_20190411d_3T2_PL2017,0.000000
48,768_FED_20190517a_3T2_PL2017,0.000000
48,770_FED_20191120c_3T2_PL2017,0.000000
48,788_FED_20191120b_3T2_PL2017,0.000000
48,803_FED_20191120d_3T2_PL2017,0.000000
48,805_FED_20191204a_3T2_PL2017,0.000000
48,806_FED_20191204b_3T2_PL2017,0.000000
48,807_FED_20191204c_3T2_PL2017,1.000000
48,797_FED_20200205a_3T2_PL2017,0.000000
48,261_FED_20200205b_3T2_PL2017,0.000000
48,824_FED_20200130a_3T2_PL2017,0.000000
48,825_FED_20200130b_3T2_PL2017,0.000000
48,826_FED_20200130c_3T2_PL2017,0.000000
48,827_FED_20200130d_3T2_PL2017,0.000000
48,828_FED_20200205c_3T2_PL2017,0.000000
48,831_FED_20200213b_3T2_PL2017,0.000000
