W,PRON,Include,256,NL,NN,SFN,NBN,SFBN,NBF,NBE,SFBF,SFBE,NON,SFON,NPN,SFPN,BFNC,BFNT,TFNC,TFNT,BFSC,BFST,TFSC,TFST,NP
blait,bl1t,1,256,5,2,13,6,154,4,2,149,5,96,1122,9,63,691,594116,65,17647,135,56463,17,9783,4
blaitch,bl1J,,,7,0,0,1,0,1,0,0,0,96,1122,5,45,1146,802491,152,31766,72,8154,10,1597,4
blal,bl{l,,,4,2,1,3,18,3,0,18,0,96,1122,2,190,528,255943,23,8399,49,19805,2,17,4
blaub,bl9b,1,,5,0,0,1,0,1,0,0,0,96,1122,3,1,478,140299,36,11513,106,45664,8,7319,4
bleant,blint,1,,6,0,0,2,145,0,2,0,145,96,1122,3,3,1244,1157453,133,69516,118,12048,18,2176,5
bleuth,bluT,,,6,1,0,1,0,1,0,0,0,96,1122,4,1,878,2216102,34,13307,93,14774,9,79,4
blez,blEz,1,,4,2,25,1,0,1,0,0,0,96,1122,8,21,492,157951,17,1399,27,5267,2,450,4
bliel,bl2l,,,5,0,0,1,1,0,1,0,1,96,1122,2,0,492,229856,35,8458,100,28332,9,1365,4
blien,bl2n,1,,5,0,0,1,1,0,1,0,1,96,1122,5,14,480,360809,29,10939,99,30701,8,1355,4
blilm,blIlm,,,5,0,0,1,72,1,0,72,0,96,1122,0,0,495,234409,18,3004,113,59319,5,908,5
blilth,blIlT,,,6,0,0,2,6,2,0,6,0,96,1122,0,0,825,2143124,41,8924,119,23255,9,3400,5
blolt,blQlt,1,,5,1,0,5,14,0,5,0,14,96,1122,1,5,525,195267,40,6529,116,44073,11,4178,5
blorce,bl9s,1,,6,0,0,1,157,1,0,157,0,96,1122,2,3,672,574564,47,21081,132,26416,14,2698,4
blork,bl9k,,,5,1,37,6,894,5,1,143,751,96,1122,5,261,579,506043,45,30020,126,40828,12,4191,4
blorque,bl9k,1,,7,0,0,1,1,1,0,1,0,96,1122,5,261,736,506954,84,12427,42,3831,4,243,4
blouche,bl6S,,,7,0,0,1,0,0,1,0,0,96,1122,2,6,1343,2533458,193,66426,56,21258,7,254,4
bloun,bl6n,,,5,1,18,1,1,1,0,1,0,96,1122,4,62,740,604908,91,47638,106,39574,14,4760,4
blourse,bl9s,1,,7,0,0,2,569,2,0,569,0,96,1122,2,3,1060,936391,124,86556,57,21332,8,291,4
bluin,blun,1,,5,0,0,1,0,0,1,0,0,96,1122,4,13,635,511622,23,3350,93,23309,7,385,4
draint,dr1nt,,,6,1,3,5,81,5,0,81,0,90,1361,3,6,1115,723405,179,50284,144,17028,30,3003,5
drautch,dr9J,1,,7,0,0,1,0,1,0,0,0,90,1361,4,67,1056,474729,110,17934,66,10034,8,1731,4
drealt,drilt,1,,6,1,4,1,20,0,1,0,20,90,1361,0,0,1099,787542,139,61782,120,15913,25,4130,5
dreeth,driT,,,6,0,0,1,77,1,0,77,0,90,1361,1,19,1091,2557139,97,54017,131,24775,21,2465,4
drelt,drElt,1,,5,1,2,10,446,10,0,446,0,90,1361,3,27,703,513573,32,13868,116,53917,9,3103,5
drerth,dr3T,,,6,0,0,1,4,1,0,4,0,90,1361,0,0,993,2592179,45,15733,118,23361,8,1490,4
drete,drit,1,,5,0,0,1,1,0,1,0,1,90,1361,5,64,751,570893,24,6511,113,74012,6,2707,4
drirk,dr3k,,,5,1,116,5,8,5,0,8,0,90,1361,1,2,539,235224,27,6016,132,43275,10,4690,4
drooch,druJ,1,,6,1,2,3,2,2,1,0,2,90,1361,2,1,1134,564641,83,18762,181,28387,22,1223,4
drourt,dr9t,,,6,0,0,1,120,1,0,120,0,90,1361,8,255,873,763594,104,101232,117,37516,16,6327,4
drulk,drVlk,,,5,1,36,4,22,4,0,22,0,90,1361,1,18,358,180601,22,5066,76,103096,4,1282,5
drus,drVs,1,,4,2,27,7,1182,6,1,1182,0,90,1361,6,51,329,184870,30,5803,20,12566,2,487,4
drys,drIs,1,,4,1,376,1,1,0,1,0,1,90,1361,4,38,145,53098,3,1575,31,24440,0,0,4
dwalf,dw{lf,1,,5,1,7,2,313,0,2,0,313,7,20,0,0,320,397786,15,15434,46,17518,1,127,5
dwarge,dw#_,,,6,0,0,5,422,5,0,422,0,7,20,0,0,743,575305,66,29766,97,22630,6,4139,4
dwautch,dw9J,,,7,0,0,1,0,1,0,0,0,7,20,1,2,766,640281,81,12909,25,2194,4,918,4
dweash,dwiS,,,6,0,0,1,1,1,0,1,0,7,20,0,0,978,968368,101,26209,72,12018,12,3378,4
dwesh,dwES,1,,5,0,0,4,126,4,0,126,0,7,20,1,4,964,502465,14,5689,59,37364,4,2275,4
dwesk,dwEsk,,,5,0,0,1,81,1,0,81,0,7,20,0,0,770,371864,10,5008,36,32810,2,106,5
dwib,dwIb,1,,4,0,0,9,18,9,0,18,0,7,20,0,0,137,183569,0,0,7,817,0,0,4
dwie,dw2,,,4,0,0,8,210,7,1,210,0,7,20,1,41,202,219870,2,49,6,767,0,0,3
dwike,dw2k,1,,5,0,0,9,1891,9,0,1891,0,7,20,0,0,416,349343,23,36684,43,9277,2,49,4
dwoal,dw5l,1,,5,0,0,4,70,4,0,70,0,7,20,2,4,362,279409,10,1785,21,2320,1,71,4
dworl,dw9l,,,5,0,0,1,0,0,1,0,0,7,20,3,7,285,503855,25,57429,41,9070,4,449,4
dwoss,dwQs,1,,5,1,1,12,202,11,1,181,21,7,20,1,1,223,235627,19,4662,49,44897,5,1553,4
dwugue,dwVg,,,6,0,0,1,1,0,1,0,1,7,20,1,13,263,78931,25,4491,38,8895,6,1278,4
dwumb,dwVm,,,5,0,0,5,41,5,0,41,0,7,20,2,7,138,12620,13,950,25,3079,3,449,4
dwurb,dw3b,1,,5,0,0,2,6,2,0,6,0,7,20,0,0,168,79901,6,148,22,3905,1,6,4
flalse,fl{ls,,,6,0,0,2,45,0,2,0,45,121,953,3,38,972,528861,63,12797,137,32022,13,631,5
flarge,fl#_,1,,6,1,1,5,422,5,0,422,0,121,953,1,0,990,437961,89,31223,178,33508,22,4879,4
flepe,flip,1,,5,0,0,1,1,0,1,0,1,121,953,9,89,869,226991,25,3080,97,24356,7,2010,4
flike,fl2k,,,5,2,5,9,1891,9,0,1891,0,121,953,8,51,587,277543,46,72958,98,17897,9,939,4
flilge,flIl_,,,6,0,0,1,2,1,0,2,0,121,953,0,0,717,295027,25,2620,119,19882,7,1063,5
flimn,flIm,1,,5,0,0,1,0,1,0,0,0,121,953,8,14,376,204240,46,5254,93,14989,11,1560,4
floathe,fl5D,,,7,0,0,1,2,1,0,2,0,121,953,6,37,1297,4185575,182,1332385,69,5601,13,813,4
flogue,fl5g,,,6,0,0,4,5,4,0,5,0,121,953,7,54,551,143583,64,10343,98,10190,13,1917,4
flomp,flQmp,1,,5,0,0,4,4,4,0,4,0,121,953,0,0,547,269049,36,5569,126,29244,12,3863,5
florge,fl9_,,,6,0,0,2,13,2,0,13,0,121,953,5,17,782,550902,64,22274,126,23288,8,4736,4
fluint,flunt,1,,6,0,0,2,18,0,2,0,18,121,953,2,0,795,578640,73,13657,87,7492,10,192,5
fluise,flus,,,6,0,0,3,23,0,3,0,23,121,953,6,2,645,651167,41,8340,91,21471,10,1113,4
flurp,fl3p,1,,5,1,0,2,1,2,0,1,0,121,953,5,7,416,110308,42,1669,104,15275,12,619,4
flurve,fl3v,,,6,0,0,1,12,1,0,12,0,121,953,1,1,643,267468,62,6153,81,20944,6,156,4
frage,fr1_,,,5,1,25,8,493,7,1,492,1,70,5428,6,106,702,242599,43,15352,160,45257,9,3845,4
fralk,fr{lk,1,,5,1,41,5,362,0,5,0,362,70,5428,2,26,616,312705,33,16421,136,45800,7,1736,5
fraph,fr{f,,,5,1,3,1,3,1,0,3,0,70,5428,1,30,552,178363,52,6978,131,31773,12,1770,4
frisp,frIsp,1,,5,2,11,3,13,3,0,13,0,70,5428,2,0,641,553827,43,12602,116,38328,13,1131,5
friss,frIs,,,5,2,1,6,293,6,0,293,0,70,5428,3,4,509,566784,45,18842,133,52600,14,1522,4
frolve,frQlv,1,,6,0,0,1,21,1,0,21,0,70,5428,0,0,777,503153,64,84414,118,24047,10,1392,5
froop,frup,1,,5,2,5,12,24,12,0,24,0,70,5428,6,343,784,456953,100,92478,141,53006,26,6547,4
frourge,fr9_,,,7,0,0,1,2,0,1,0,2,70,5428,3,14,1012,867965,129,181240,82,31884,17,5623,4
fruin,frun,,,5,1,56,1,0,0,1,0,0,70,5428,4,27,611,603454,15,3407,68,24477,3,2003,4
frung,frVN,1,,5,2,21,14,154,14,0,154,0,70,5428,1,3,533,267176,53,19091,117,71864,15,10752,4
fruzz,frVz,1,,5,1,0,2,7,2,0,7,0,70,5428,7,63,215,125448,6,1448,53,17208,2,1003,4
frys,frIs,,,4,1,0,1,1,0,1,0,1,70,5428,3,4,125,125948,3,225,26,95236,0,0,4
ghange,g{n_,,,6,2,251,6,442,0,6,0,442,6,31,0,0,923,1524543,108,83795,128,52317,19,17582,4
ghimp,gImp,1,,5,1,1,8,16,8,0,16,0,6,31,4,2,469,569372,29,45065,83,115962,6,98,4
ghuick,guk,,,6,0,0,1,65,0,1,0,65,6,31,5,2,565,294045,58,13060,27,6912,1,12,3
glanc,gl{Nk,1,,5,1,2,1,2,1,0,2,0,48,399,4,21,670,856653,80,27505,132,53762,20,6365,5
glelse,glEls,,,6,0,0,1,246,1,0,246,0,48,399,0,0,996,498794,30,11978,88,23821,2,18,5
glerk,gl3k,1,,5,1,23,4,31,3,1,8,23,48,399,0,0,632,410318,21,1764,71,87961,5,934,4
glert,gl3t,,,5,0,0,3,2,3,0,2,0,48,399,3,3,651,426675,20,1012,76,100727,4,516,4
gletch,glEJ,1,,6,0,0,8,62,8,0,62,0,48,399,1,2,953,416741,90,20196,115,16318,19,1457,4
glett,glEt,1,,5,0,0,2,1,2,0,1,0,48,399,3,4,509,208744,14,7095,53,15854,3,98,4
glign,glIn,,,5,0,0,1,97,0,1,0,97,48,399,4,5,326,177643,29,11961,68,8095,6,254,4
glirth,gl3T,,,6,0,0,4,61,4,0,61,0,48,399,0,0,682,2147422,47,13616,95,17646,9,1338,4
glisque,glIsk,1,,7,0,0,1,0,1,0,0,0,48,399,0,0,566,488391,107,7817,29,3321,3,358,5
glolk,glQlk,,,5,0,0,2,19,0,2,0,19,48,399,0,0,449,178672,20,1728,90,29767,6,533,5
gloul,gl6l,,,5,1,1,3,50,1,2,10,40,48,399,1,0,603,642846,52,101985,89,29448,10,1127,4
glowse,gl6s,1,,6,0,0,2,1,0,2,0,1,48,399,3,56,737,513176,68,14201,103,27297,13,871,4
glure,gl9,1,,5,1,8,4,340,4,0,340,0,48,399,8,65,720,490206,36,7888,94,85728,7,74,3
gnalph,n{lf,,,6,0,0,1,48,0,1,0,48,11,10,0,0,297,163968,15,1977,33,4696,2,36,4
gnant,n{nt,1,,5,1,29,10,679,9,1,111,568,11,10,7,153,473,797736,30,18241,101,42590,10,4485,4
gneant,nint,,,6,0,0,2,145,0,2,0,145,11,10,0,0,1052,1175784,59,38384,62,7312,3,16,4
gnerg,n3g,,,5,0,0,1,1,1,0,1,0,11,10,6,28,450,422374,13,1385,26,74098,0,0,3
gnirp,n3p,1,,5,0,0,1,0,1,0,0,0,11,10,9,31,195,125312,3,15,40,7144,1,5,3
gnolt,nQlt,1,,5,0,0,5,14,0,5,0,14,11,10,3,17,286,279896,14,443,43,19593,2,45,4
gnule,njul,,,5,0,0,3,70,3,0,70,0,11,10,5,138,530,255622,13,2998,39,104904,1,6,4
gwass,gw{s,,,5,2,204,11,629,6,5,122,507,1,4,0,0,387,718607,25,202382,70,33843,5,7426,4
gwav,gw{v,,,4,0,0,2,1,1,1,0,1,1,4,0,0,193,347050,3,1764,9,480,0,0,4
gwawk,gw9k,1,,5,0,0,2,13,2,0,13,0,1,4,0,0,250,270992,8,344,31,2188,0,0,4
gweague,gwig,1,,7,0,0,1,30,1,0,30,0,1,4,0,0,739,431332,54,10491,39,3795,1,11,4
gweave,gwiv,,,6,0,0,4,237,4,0,237,0,1,4,1,0,801,638264,91,104465,70,9562,5,90,4
gweck,gwEk,1,,5,0,0,9,168,9,0,168,0,1,4,1,2,416,249129,25,4247,68,24840,4,1276,4
gwedge,gwE_,,,6,0,0,9,109,9,0,109,0,1,4,1,2,1814,504843,109,12348,53,12318,17,1489,4
gweff,gwEf,,,5,0,0,2,2,2,0,2,0,1,4,1,2,247,206010,5,114,33,7098,0,0,4
gwerf,gw3f,1,,5,0,0,1,0,1,0,0,0,1,4,0,0,285,409827,13,60802,32,75815,1,21,4
gwif,gwIf,,,4,0,0,1,2694,1,0,2694,0,1,4,1,0,148,252054,3,3888,8,845,0,0,4
gwoam,gw5m,1,,5,0,0,3,10,3,0,10,0,1,4,0,0,343,199373,8,254,22,3905,0,0,4
gwoc,gwQk,,,4,0,0,3,9,3,0,9,0,1,4,0,0,131,133477,0,0,5,213,0,0,4
gwore,gw9,,,5,1,7,21,2542,21,0,2542,0,1,4,1,0,642,873460,64,92303,50,85154,12,2501,3
gwug,gwVg,1,,4,0,0,19,94,19,0,94,0,1,4,0,0,108,51433,0,0,10,706,0,0,4
gwuice,gwus,,,6,0,0,2,21,2,0,21,0,1,4,0,0,278,188796,32,15105,40,12623,6,1769,4
gwulge,gwVl_,,,6,0,0,1,5,1,0,5,0,1,4,0,0,320,181138,5,279,33,9634,0,0,5
gwurp,gw3p,1,,5,0,0,2,1,2,0,1,0,1,4,1,0,170,80721,7,36,23,4747,1,3,4
jalp,_{lp,1,,4,0,0,2,4,2,0,4,0,104,2545,0,0,215,149754,6,1008,50,39544,0,0,4
juth,_VT,1,,4,1,0,2,123,0,2,0,123,104,2545,3,50,402,2083234,14,11898,34,156709,1,6,3
kalc,k{lk,,,4,1,0,1,0,1,0,0,0,88,3717,2,0,182,137523,1,6,35,31027,1,6,4
kilch,kIlJ,1,,5,2,0,2,0,2,0,0,0,88,3717,6,58,685,335455,23,5170,125,81385,11,397,4
knant,n{nt,,,5,0,0,10,679,9,1,111,568,35,2107,7,153,485,831937,27,18199,113,51548,9,4522,4
knarp,n#p,1,,5,0,0,5,68,4,1,66,2,35,2107,8,31,475,292761,25,1547,91,51247,6,1165,3
knarve,n#v,,,6,0,0,2,8,2,0,8,0,35,2107,6,9,702,449921,44,4927,97,13046,8,302,3
knoosh,nuS,1,,6,0,0,1,1,0,1,0,1,35,2107,5,4,722,606084,50,29598,65,5458,8,1164,3
knulf,nVlf,1,,5,0,0,1,14,1,0,14,0,35,2107,1,9,171,160402,3,273,34,91583,0,0,4
kumf,kVmf,,,4,1,0,1,0,1,0,0,0,88,3717,2,431,105,7617,1,1,18,1969,1,1,4
phalk,f{lk,,,5,1,9,5,362,0,5,0,362,14,167,1,0,432,710493,34,24682,76,33769,8,4881,4
pheche,fES,,,6,0,0,1,2,0,1,0,2,14,167,7,160,1137,3711227,132,20690,54,4733,8,343,3
phimp,fImp,1,,5,1,1,8,16,8,0,16,0,14,167,3,2,388,464685,33,45290,84,117458,6,98,4
phlaise,fl1s,1,,7,0,0,3,63,0,3,0,63,2,1,9,614,831,811516,55,15303,8,545,0,0,4
phlarge,fl#_,,,7,0,0,5,422,5,0,422,0,2,1,1,0,899,425337,50,26232,16,2623,2,43,4
phleaf,flif,,,6,0,0,3,28,2,1,19,9,2,1,5,25,835,362155,80,34745,16,4771,2,32,4
phlidge,flI_,1,,7,0,0,4,75,4,0,75,0,2,1,7,10,523,261285,61,8196,10,1867,1,2,4
phlieve,fliv,1,,7,0,0,2,3,1,1,1,2,2,1,6,31,530,291600,37,4508,4,73,0,0,4
phlill,flIl,,,6,0,0,26,3365,26,0,3365,0,2,1,7,6,616,426927,76,67292,23,1811,3,223,4
phlin,flIn,1,,5,0,0,19,17950,19,0,17950,0,2,1,7,13,540,557439,39,8446,19,8784,1,5,4
phlinn,flIn,,,6,0,0,3,10,3,0,10,0,2,1,7,13,576,560097,54,9275,29,4290,2,28,4
phlish,flIS,1,,6,0,0,5,312,5,0,312,0,2,1,8,11,556,606760,18,8323,20,2946,1,16,4
phlole,fl5l,,,6,0,0,11,592,11,0,592,0,2,1,6,36,776,297786,38,12277,11,1130,1,16,4
phlooge,flu_,1,,7,0,0,2,1,2,0,1,0,2,1,4,2,786,315796,37,27862,11,3642,2,8,4
phlorch,fl9J,,,7,0,0,3,23,3,0,23,0,2,1,5,17,865,669754,36,15379,11,997,0,0,4
phlorl,fl9l,,,6,0,0,1,0,0,1,0,0,2,1,5,17,481,481672,13,16516,8,1183,1,16,4
phloul,fl6l,1,,6,0,0,3,50,1,2,10,40,2,1,2,0,585,640160,42,100812,8,1680,1,16,4
phlourge,fl9_,1,,8,0,0,1,2,0,1,0,2,2,1,5,17,878,683550,92,64512,2,22,0,0,4
phluice,flus,1,,7,0,0,2,21,2,0,21,0,2,1,6,2,433,205759,36,15140,4,33,0,0,4
phlurg,fl3g,,,6,0,0,1,1,1,0,1,0,2,1,3,19,333,107117,33,1707,6,913,1,16,4
phraitch,fr1J,,,8,0,0,1,0,1,0,0,0,2,32,5,102,1227,788330,159,33244,19,5516,4,2338,4
phran,fr{n,1,,5,0,0,20,7874,18,2,7867,7,2,32,4,2,697,819415,54,15100,24,16900,0,0,4
phrarb,fr#b,,,6,0,0,2,3,2,0,3,0,2,32,0,0,814,349162,14,2361,73,11711,5,1211,4
phrauce,fr9s,1,,7,0,0,1,15,1,0,15,0,2,32,2,10,705,247778,23,2246,36,19321,2,36,4
phraugh,fr9,,,7,0,0,2,48,1,1,0,48,2,32,9,426,723,278513,71,52598,36,51454,3,16107,3
phraw,fr9,1,,5,0,0,18,666,18,0,666,0,2,32,9,426,551,122456,37,5444,24,15685,1,390,3
phreap,frip,,,6,0,0,5,65,5,0,65,0,2,32,6,13,994,662193,109,57276,71,21251,14,5827,4
phreep,frip,1,,6,0,0,13,678,13,0,678,0,2,32,6,13,806,638529,99,57744,69,22381,13,7012,4
phrich,frIJ,,,6,0,0,2,3244,2,0,3244,0,2,32,4,4,854,395528,51,66807,130,26389,15,2473,4
phrief,fr2f,1,,6,0,0,5,164,0,5,0,164,2,32,3,4,501,166567,62,20493,74,13512,14,2172,4
phrilth,frIlT,,,7,0,0,2,6,2,0,6,0,2,32,2,1,950,2144957,77,11069,53,18912,13,266,5
phrinch,frInJ,,,7,0,0,7,33,7,0,33,0,2,32,3,247,1221,807506,147,33596,65,21021,17,723,5
phroal,fr5l,1,,6,0,0,4,70,4,0,70,0,2,32,6,4,725,385857,59,29107,65,14723,13,3899,4
phroose,frus,1,,7,0,0,5,108,4,1,49,59,2,32,2,26,1019,693485,108,71660,35,35574,7,16227,4
phrourth,fr9T,,,8,0,0,1,43,1,0,43,0,2,32,3,11,1170,2674225,124,126916,15,2458,3,64,4
phruiche,fruS,1,,8,0,0,1,0,0,1,0,0,2,32,2,50,1104,2119159,142,80025,11,1138,1,382,4
phrurb,fr3b,,,6,0,0,2,6,2,0,6,0,2,32,0,0,392,148261,19,1909,61,9721,7,1178,4
phrurge,fr3_,,,7,0,0,4,30,4,0,30,0,2,32,1,4,624,225918,52,14057,31,18772,6,145,4
phrurse,fr3s,,,7,0,0,3,52,3,0,52,0,2,32,0,0,740,463116,60,30012,27,17276,2,59,4
phrybe,fr2b,1,,6,0,0,1,0,1,0,0,0,2,32,5,12,257,224388,3,576,46,7849,1,557,4
phuilt,fult,,,6,0,0,3,161,0,3,0,161,14,167,4,269,457,174602,31,8663,31,5083,1,95,4
plalc,pl{lk,,,5,0,0,1,0,1,0,0,0,94,1857,1,1,555,270345,41,27186,121,64173,11,14740,5
plarsh,pl#S,1,,6,0,0,2,26,2,0,26,0,94,1857,3,6,1127,599060,99,58309,161,37805,24,5786,4
pleeth,pliT,1,,6,0,0,1,77,1,0,77,0,94,1857,5,287,1096,2312282,72,24604,118,25679,15,2920,4
plell,plEl,,,5,0,0,15,1859,15,0,1859,0,94,1857,2,2,849,461727,58,39881,109,65367,11,2330,4
plerm,pl3m,,,5,0,0,5,76,5,0,76,0,94,1857,3,7,676,431245,30,8097,78,100290,7,664,4
plig,plIg,1,,4,2,7,15,354,15,0,354,0,94,1857,3,22,366,201158,22,8955,25,8935,0,0,4
plilk,plIlk,,,5,0,0,3,128,3,0,128,0,94,1857,0,0,528,260046,20,3288,106,61565,2,36,5
plilth,plIlT,,,6,1,1,2,6,2,0,6,0,94,1857,1,0,840,2157249,39,8663,116,28871,6,3416,5
plisc,plIsk,1,,5,0,0,1,7,1,0,7,0,94,1857,0,0,502,501386,21,2788,84,23609,3,182,5
plogue,pl5g,1,,6,1,8,4,5,4,0,5,0,94,1857,2,21,541,160727,56,5924,94,15463,10,1462,4
plonch,plQnJ,1,,6,0,0,1,10,1,0,10,0,94,1857,0,0,980,615139,93,33486,172,35358,24,4423,5
plosque,plQsk,,,7,0,0,1,2,1,0,2,0,94,1857,1,3,697,235393,122,21985,52,5964,7,122,5
plouth,pl6T,1,,6,1,10,4,381,2,2,321,60,94,1857,2,1,955,2615081,94,70056,121,46046,18,1279,4
plybe,pl2b,1,,5,0,0,1,0,1,0,0,0,94,1857,3,8,261,211144,2,30,36,16335,0,0,4
prafe,pr1f,,,5,0,0,3,77,2,1,77,0,91,899,7,59,597,145476,48,4443,126,32258,8,562,4
prauce,pr9s,1,,6,1,0,1,15,1,0,15,0,91,899,3,285,726,226696,43,3308,131,22277,8,927,4
praught,pr9t,1,,7,1,3,5,172,5,0,172,0,91,899,4,185,804,337472,148,133590,77,55149,20,33314,4
preph,prEf,,,5,0,0,1,1,1,0,1,0,91,899,4,162,602,438613,21,5468,100,43723,6,2580,4
presh,prES,1,,5,2,200,4,126,4,0,126,0,91,899,4,140,1343,740715,74,21470,124,73936,12,9749,4
prirge,pr3_,,,6,0,0,1,0,1,0,0,0,91,899,0,0,751,279086,64,18959,123,27152,12,4127,4
prirque,pr3k,,,7,0,0,1,0,1,0,0,0,91,899,1,1,730,232119,87,10146,52,6915,3,358,4
proat,pr5t,1,,5,1,0,11,176,11,0,176,0,91,899,8,34,773,636059,91,16391,131,54017,22,3840,4
proil,pr4l,1,,5,2,1,9,196,9,0,196,0,91,899,3,1,737,348319,67,9487,117,40511,17,2971,4
prugue,prVg,,,6,0,0,1,1,0,1,0,1,91,899,5,31,508,126209,42,6364,87,14478,9,1323,4
pruice,prus,1,,6,0,0,2,21,2,0,21,0,91,899,8,329,529,236368,46,17139,91,18298,12,2453,4
prulge,prVl_,1,,6,0,0,1,5,1,0,5,0,91,899,0,0,571,228710,16,3198,84,15309,3,45,5
prurge,pr3_,,,6,0,0,4,30,4,0,30,0,91,899,0,0,645,204836,46,12532,91,33718,5,2731,4
psupe,sjup,,,5,0,0,1,0,1,0,0,0,3,3,7,1,544,147267,11,180,16,1964,1,12,4
psusp,sVsp,,,5,0,0,1,0,1,0,0,0,3,3,2,0,519,206441,2,3,25,24816,0,0,4
rhalp,r{lp,1,,5,0,0,2,4,2,0,4,0,5,9,1,2,393,700581,23,13311,74,31836,6,4163,4
rhalph,r{lf,,,6,0,0,1,48,0,1,0,48,5,9,0,0,419,705016,24,14166,62,17364,3,106,4
rhonk,rQNk,1,,5,0,0,4,5,3,1,1,4,5,9,6,17,448,482829,23,2150,91,71250,4,1608,4
rhunge,rVn_,1,,6,0,0,3,9,1,2,2,7,5,9,3,43,640,224717,90,26970,88,34471,13,5671,4
scrane,skr1n,,,6,1,5,13,145,13,0,145,0,45,183,4,65,1182,989319,177,25174,87,14692,22,1932,5
scrank,skr{Nk,1,,6,1,3,23,365,23,0,365,0,45,183,0,0,1050,849727,191,30288,88,14670,23,1990,6
screague,skrig,1,,8,0,0,1,30,1,0,30,0,45,183,5,52,1322,689051,197,55272,32,3850,12,1297,5
scrice,skr2s,,,6,1,1,14,396,14,0,396,0,45,183,1,0,814,282788,117,25876,117,29366,25,3680,5
scrick,skrIk,,,6,0,0,22,386,22,0,386,0,45,183,1,0,912,264241,143,23831,94,20541,20,1923,5
scrif,skrIf,1,,5,1,0,1,2694,1,0,2694,0,45,183,2,0,644,183493,80,6887,50,6263,9,615,5
scrile,skr2l,1,,6,1,1,12,795,12,0,795,0,45,183,3,0,1202,367647,145,29146,94,17926,20,1762,5
scrilth,skrIlT,,,7,0,0,2,6,2,0,6,0,45,183,0,0,1169,2143050,121,14770,81,6495,21,995,6
scrinch,skrInJ,1,,7,1,0,7,33,7,0,33,0,45,183,1,0,1440,805599,191,37297,93,8604,25,1452,6
scrirm,skr3m,,,6,0,0,1,70,1,0,70,0,45,183,4,18,752,244228,76,7914,92,19217,19,1578,5
scroat,skr5t,1,,6,0,0,11,176,11,0,176,0,45,183,1,0,971,655234,140,20245,79,20559,18,2885,5
scroise,skr4s,1,,7,0,0,2,60,0,2,0,60,45,183,0,0,1053,852358,115,16931,61,21322,17,870,5
scrook,skruk,,,6,0,0,12,1382,2,10,1,1381,45,183,3,5,971,418720,161,62339,77,24085,16,1367,5
scroot,skrut,1,,6,0,0,11,169,9,2,57,112,45,183,3,5,1023,508054,160,28429,77,24085,16,1367,5
scrorne,skr9n,,,7,0,0,1,11,1,0,11,0,45,183,2,37,1164,780972,119,21760,59,21008,17,870,5
scroul,skr6l,,,6,1,3,3,50,1,2,10,40,45,183,2,0,971,766884,144,149527,78,18727,18,2134,5
scroun,skr6n,1,,6,0,0,1,1,1,0,1,0,45,183,1,37,1060,715989,169,90264,78,18727,18,2134,5
scruite,skrut,1,,7,0,0,2,452,0,2,0,452,45,183,3,5,837,545872,106,38629,51,4536,16,842,5
scrure,skr9,,,6,0,0,4,340,4,0,340,0,45,183,4,12,996,537304,75,12189,76,15532,18,1345,4
scrusk,skrVsk,1,,6,0,0,6,20,6,0,20,0,45,183,0,0,644,225088,95,9409,80,14570,20,1823,6
scruzz,skrVz,,,6,0,0,2,7,2,0,7,0,45,183,5,6,467,67757,68,5291,74,13746,18,1345,5
shradge,Sr{_,1,,7,0,0,3,6,2,1,6,0,30,134,0,0,1051,507062,93,12374,67,22364,9,162,4
shrafe,Sr1f,,,6,1,0,3,77,2,1,77,0,30,134,0,0,827,317783,56,5194,122,33524,22,2194,4
shraff,Sr{f,1,,6,0,0,4,112,2,2,1,111,30,134,1,30,819,279918,60,5916,121,33420,21,2192,4
shrag,Sr{g,,,5,2,4,22,133,22,0,133,0,30,134,4,11,770,270930,49,4915,82,39687,5,214,4
shrail,Sr1l,,,6,0,0,18,188,17,1,188,0,30,134,5,7,1111,479359,130,23070,122,34032,23,2811,4
shraim,Sr1m,1,,6,0,0,3,110,3,0,110,0,30,134,1,39,981,454637,91,20812,122,34032,23,2811,4
shramn,Sr{m,1,,6,0,0,1,33,1,0,33,0,30,134,5,12,855,314464,65,5921,126,34065,21,2191,4
shraunt,Sr9nt,,,7,0,0,8,40,7,1,12,28,30,134,0,0,1084,402199,97,8942,60,20507,8,160,5
shreal,Sril,1,,6,0,0,10,246,10,0,246,0,30,134,4,0,1295,937056,154,67015,125,44746,30,6835,4
shrelf,SrElf,,,6,0,0,3,50,3,0,50,0,30,134,0,0,913,670605,49,16818,122,41401,23,3067,5
shrick,SrIk,1,,6,2,10,22,386,22,0,386,0,30,134,6,34,944,417373,127,21943,134,39982,30,3452,4
shriece,Sris,1,,7,0,0,2,111,2,0,111,0,30,134,3,21,902,398354,90,23335,70,19669,17,382,4
shroch,SrQJ,,,6,0,0,1,3,0,1,0,3,30,134,1,0,1139,588001,68,24657,168,48277,28,4152,4
shrod,SrQd,1,,5,1,2,15,310,15,0,310,0,30,134,5,6,754,420937,58,23213,80,46252,6,1075,4
shrorb,Sr9b,,,6,0,0,1,0,1,0,0,0,30,134,1,0,877,740477,55,22119,118,37671,27,4119,4
shrourge,Sr9_,,,8,0,0,1,2,0,1,0,2,30,134,0,0,1296,963406,160,126629,20,1395,6,564,4
shrourn,Sr9n,,,7,0,0,2,2,2,0,2,0,30,134,4,58,1117,907565,141,126569,59,50725,15,32466,4
shruke,Sruk,1,,6,0,0,3,39,3,0,39,0,30,134,3,5,777,351550,49,4330,116,34842,22,2157,4
shrutch,SrVJ,1,,7,0,0,5,35,4,1,30,5,30,134,3,2,1042,593716,126,18725,59,19949,11,1069,4
shruv,SrVv,1,,5,2,8,2,0,2,0,0,0,30,134,4,2,489,220434,42,3577,79,39167,7,354,4
shry,Sr2,1,,4,2,1,18,7854,18,0,7854,0,30,134,6,562,366,199785,30,2388,23,10112,0,0,3
skabe,sk1b,1,,5,1,3,1,2,1,0,2,0,46,374,4,132,267,202831,4,132,34,2849,1,57,4
skarce,sk#s,,,6,1,9,2,12,1,1,3,9,46,374,6,21,605,367985,28,10084,104,26841,8,3103,4
skeave,skiv,1,,6,0,0,4,237,4,0,237,0,46,374,6,113,1028,620302,84,108752,69,9265,4,201,4
skise,sk2s,1,,5,1,0,3,117,0,3,0,117,46,374,6,23,486,648544,50,12462,109,90608,19,3333,4
skisk,skIsk,,,5,0,0,4,76,4,0,76,0,46,374,0,0,323,424700,42,7659,60,7534,17,1606,5
skoarse,sk9s,,,7,0,0,2,15,2,0,15,0,46,374,5,19,927,604060,84,41690,19,1709,0,0,4
skole,sk5l,1,,5,1,10,11,592,11,0,592,0,46,374,9,1041,592,222385,32,12204,51,32161,3,6908,4
skount,sk6nt,,,6,0,0,3,104,3,0,104,0,46,374,2,0,625,583901,76,42967,44,28730,2,3292,5
skourge,sk9_,1,,7,1,2,1,2,0,1,0,2,46,374,5,9,694,608149,65,61976,30,19628,5,123,4
skus,skVs,1,,4,1,2,7,1182,6,1,1182,0,46,374,7,20,198,158257,7,381,10,5600,0,0,4
skute,skjut,,,5,1,3,7,15,7,0,15,0,46,374,0,0,387,281025,21,1628,71,43995,7,1159,5
slasque,sl{sk,1,,7,0,0,2,1,1,1,0,1,120,655,0,0,843,568806,152,25920,68,5737,12,916,5
sleff,slEf,1,,5,0,0,2,2,2,0,2,0,120,655,6,2,619,181637,30,13344,96,20602,7,2879,4
slelch,slElJ,,,6,0,0,2,12,1,1,1,11,120,655,0,0,1056,424697,37,4210,126,18866,6,284,5
slez,slEz,1,,4,2,2,1,0,1,0,0,0,120,655,8,2,523,150000,23,3701,39,4674,2,24,4
sloal,sl5l,1,,5,1,4,4,70,4,0,70,0,120,655,6,31,655,264918,61,6204,114,25245,14,967,4
sloathe,sl5D,,,7,0,0,1,2,1,0,2,0,120,655,6,26,1303,4180643,186,1329460,70,5727,13,747,4
sloin,sl4n,1,,5,1,2,4,73,4,0,73,0,120,655,1,0,779,590762,46,13479,120,30164,10,532,4
slune,slun,,,5,2,6,4,72,4,0,72,0,120,655,8,1,708,259445,51,5097,156,45690,18,1111,4
slurch,sl3J,1,,6,0,0,2,153,2,0,153,0,120,655,4,0,820,313395,68,12179,120,35043,10,7854,4
slurnt,sl3nt,,,6,0,0,1,18,1,0,18,0,120,655,2,4,602,196115,62,14316,79,19791,8,468,5
smaitch,sm1J,,,7,0,0,1,0,1,0,0,0,43,1012,0,0,932,801013,125,32334,37,4876,6,1184,4
smawn,sm9n,1,,5,2,1,11,130,11,0,130,0,43,1012,4,410,316,190453,34,12533,50,36297,9,10689,4
smeague,smig,1,,7,0,0,1,30,1,0,30,0,43,1012,2,2,829,499858,53,22758,41,4470,3,369,4
smem,smEm,,,4,2,213,4,2180,4,0,2180,0,43,1012,2,46,259,298620,8,1741,8,42677,0,0,4
smesh,smES,1,,5,1,9,4,126,4,0,126,0,43,1012,2,23,1048,570697,46,18213,62,49841,5,3426,4
smirth,sm3T,1,,6,0,0,4,61,4,0,61,0,43,1012,2,60,580,2103433,52,17444,72,18778,12,3257,4
smise,sm2s,1,,5,2,94,3,117,0,3,0,117,43,1012,4,13,441,658700,32,16033,94,103981,9,4284,4
smoile,sm4l,,,6,0,0,1,0,1,0,0,0,43,1012,4,442,805,380633,91,28868,32,6300,6,1055,4
smon,smQn,1,,4,2,279,8,6767,5,3,6539,228,43,1012,4,7,280,355704,15,7584,11,7012,1,31,4
smourn,sm9n,,,6,0,0,2,2,2,0,2,0,43,1012,4,410,570,630633,71,70004,43,27492,4,912,4
smu,smu,1,,3,1,0,4,5,4,0,5,0,43,1012,2,0,83,54094,5,134,0,0,0,0,3
smuilt,smult,,,6,0,0,3,161,0,3,0,161,43,1012,1,0,428,209122,35,8794,35,4391,2,121,5
smult,smVlt,1,,5,1,7,1,9,1,0,9,0,43,1012,1,0,248,186280,18,1373,43,100989,3,743,5
snaive,sn1v,,,6,0,0,1,1,1,0,1,0,71,199,4,19,592,305604,65,33851,74,6939,12,610,4
snalf,sn{lf,,,5,0,0,2,313,0,2,0,313,71,199,0,0,312,157591,23,7221,64,18318,7,471,5
snalp,sn{lp,1,,5,1,4,2,4,2,0,4,0,71,199,1,0,319,159540,27,2625,65,18145,8,538,5
snange,sn{n_,,,6,0,0,6,442,0,6,0,442,71,199,0,0,748,874575,107,30556,118,39970,22,10172,5
snarr,sn#,,,5,2,3,1,2,1,0,2,0,71,199,8,93,517,258381,40,2163,96,42050,9,523,3
snarsh,sn#S,1,,6,0,0,2,26,2,0,26,0,71,199,1,0,882,479065,75,26107,106,22212,15,812,4
snauce,sn9s,,,6,0,0,1,15,1,0,15,0,71,199,3,0,394,156069,33,2311,66,11961,9,445,4
sneaf,snif,1,,5,2,7,3,28,2,1,19,9,71,199,4,5,757,396136,24,4649,75,30261,5,254,4
sneash,sniS,1,,6,0,0,1,1,1,0,1,0,71,199,2,1,1169,969990,95,26052,83,10950,12,3368,4
snebe,snib,1,,5,0,0,2,0,2,0,0,0,71,199,4,7,492,352013,11,240,42,2990,4,109,4
snec,snEk,,,4,1,0,3,3,3,0,3,0,71,199,7,14,386,183868,11,1672,13,12083,0,0,4
snef,snEf,,,4,0,0,3,4,3,0,4,0,71,199,3,4,365,189030,8,231,17,12547,0,0,4
snegg,snEg,1,,5,0,0,1,35,1,0,35,0,71,199,3,1,402,184305,13,1916,36,2392,2,103,4
snerth,sn3T,1,,6,0,0,1,4,1,0,4,0,71,199,0,0,839,2351535,41,10727,71,14377,6,895,4
sni,sn2,,,3,1,5,8,22,4,4,11,11,71,199,8,91,113,16894,12,231,0,0,0,0,3
snith,snIT,1,,5,2,38,3,6674,3,0,6674,0,71,199,4,64,531,2279695,34,120790,99,53719,9,1620,4
snolf,snQlf,1,,5,0,0,2,34,1,1,28,6,71,199,0,0,280,268644,28,2005,53,16240,9,224,5
snulp,snVlp,,,5,0,0,2,7,2,0,7,0,71,199,0,0,214,128157,16,367,44,83293,3,33,5
snult,snVlt,1,,5,0,0,1,9,1,0,9,0,71,199,1,1,261,137467,16,1206,54,87660,5,748,5
snuss,snVs,,,5,2,0,5,17,4,1,16,1,71,199,3,0,276,180522,19,558,68,39961,4,38,4
snyle,sn2l,1,,5,1,84,1,84,1,0,84,0,71,199,7,82,461,142453,3,1852,44,24902,1,1503,4
splane,spl1n,,,6,0,0,13,145,13,0,145,0,17,54,3,0,1101,1048979,135,47130,75,8625,6,297,5
splape,spl1p,,,6,0,0,11,128,11,0,128,0,17,54,1,0,1009,226695,103,33220,74,8302,7,381,5
splass,spl{s,1,,6,1,6,11,629,6,5,122,507,17,54,3,1,834,628168,98,60484,77,12347,7,397,5
splath,spl{T,,,6,1,6,7,115,2,5,6,109,17,54,2,1,1058,2464384,116,44347,99,18757,9,1354,5
splauge,spl9_,1,,7,0,0,1,3,0,1,0,3,17,54,2,0,970,294254,85,38711,47,19074,8,49,5
spleal,splil,,,6,0,0,10,246,10,0,246,0,17,54,1,0,1240,553375,134,48121,77,11690,7,250,5
spleat,split,1,,6,0,0,18,1256,15,3,554,702,17,54,3,19,1267,824659,151,68624,78,13501,7,1302,5
spleese,splis,,,7,0,0,2,32,1,1,5,27,17,54,2,0,1738,805853,81,34078,50,3106,9,37,5
splegg,splEg,1,,6,0,0,1,35,1,0,35,0,17,54,0,0,765,209559,42,9154,69,7859,7,237,5
splelt,splElt,,,6,0,0,10,446,10,0,446,0,17,54,0,0,912,298183,50,12490,75,8440,6,221,6
spliege,spli_,1,,7,0,0,2,8,2,0,8,0,17,54,3,0,801,267192,43,5450,48,3044,9,45,5
spliel,spl2l,,,6,0,0,1,1,0,1,0,1,17,54,1,0,711,273448,50,9179,70,7943,8,270,5
splieve,spliv,1,,7,0,0,2,3,1,1,1,2,17,54,1,0,815,350835,64,6407,43,1263,9,45,5
splimp,splImp,,,6,0,0,8,16,8,0,16,0,17,54,0,0,681,258529,73,5589,74,8507,10,294,6
splisk,splIsk,1,,6,0,0,4,76,4,0,76,0,17,54,0,0,647,535394,46,5547,74,9501,8,270,6
splisp,splIsp,,,6,0,0,3,13,3,0,13,0,17,54,0,0,768,539802,44,3893,74,9501,8,270,6
sploat,spl5t,1,,6,0,0,11,176,11,0,176,0,17,54,2,19,870,587745,85,8419,69,10402,6,956,5
sploc,splQk,1,,5,0,0,3,9,3,0,9,0,17,54,2,0,618,170823,51,5642,65,17889,3,660,5
splome,spl5m,1,,6,0,0,8,3050,6,2,510,2540,17,54,0,0,809,530684,56,60795,73,9063,6,241,5
splooge,splu_,1,,7,1,0,2,1,2,0,1,0,17,54,2,0,1071,375031,68,29774,50,4832,11,47,5
splourn,spl9n,,,7,0,0,2,2,2,0,2,0,17,54,1,0,984,686944,104,66364,45,17331,9,39,5
splult,splVlt,,,6,0,0,1,9,1,0,9,0,17,54,0,0,609,208849,51,3872,69,23985,5,197,6
splunch,splVnJ,1,,7,0,0,7,108,7,0,108,0,17,54,0,0,1120,371768,147,17415,58,3024,14,114,6
splure,spl9,1,,6,0,0,4,340,4,0,340,0,17,54,1,0,987,546755,72,10471,68,9589,5,197,4
splus,splVs,,,5,0,0,7,1182,6,1,1182,0,17,54,1,0,552,209480,52,4229,64,17884,3,660,5
splush,splVS,,,6,1,6,16,167,13,3,82,85,17,54,1,1,829,365140,78,9576,78,8962,6,220,5
splybe,spl2b,1,,6,0,0,1,0,1,0,0,0,17,54,1,0,465,240611,19,1012,67,7818,5,197,5
splynch,splInJ,1,,7,0,0,1,1,1,0,1,0,17,54,1,0,819,297421,82,9490,51,2210,9,67,6
sprape,spr1p,,,6,1,5,11,128,11,0,128,0,33,233,4,7,1096,177327,126,13544,104,13452,24,4030,5
sprash,spr{S,1,,6,1,6,22,229,21,1,190,39,33,233,3,2,1126,692036,126,16333,112,17272,25,4558,5
sprath,spr{T,1,,6,1,1,7,115,2,5,6,109,33,233,2,1,1145,2415016,122,20330,129,23907,24,4772,5
spraugh,spr9,,,7,0,0,2,48,1,1,0,48,33,233,4,9,948,286898,124,57845,59,36241,13,16624,4
spreace,spris,1,,7,0,0,1,85,1,0,85,0,33,233,2,1,1363,836064,167,96143,66,5523,16,1400,5
spreave,spriv,,,7,0,0,4,237,4,0,237,0,33,233,1,0,1390,906275,197,151173,64,5514,16,1400,5
spreeth,spriT,1,,7,0,0,1,77,1,0,77,0,33,233,1,0,1329,2582590,129,57605,67,7598,15,3073,5
sprelm,sprElm,1,,6,0,0,2,8,2,0,8,0,33,233,0,0,895,523874,51,9499,100,21043,17,4833,6
sprep,sprEp,1,,5,1,2,6,86,6,0,86,0,33,233,1,36,780,463645,53,9642,112,34900,6,300,5
sprern,spr3n,,,6,0,0,3,15,3,0,15,0,33,233,1,0,927,699745,53,9641,100,20962,17,4833,5
spress,sprEs,,,6,2,31,10,743,10,0,743,0,33,233,3,143,1342,656946,118,40276,99,22731,20,5966,5
sprete,sprit,1,,6,1,0,1,1,0,1,0,1,33,233,6,148,989,596344,56,10099,101,21181,17,4833,5
spreuth,spruT,1,,7,0,0,1,0,1,0,0,0,33,233,3,1,1126,2500535,63,21360,61,4894,10,568,5
spriche,sprIS,,,7,0,0,1,4,0,1,0,4,33,233,3,22,1416,2154789,206,92918,68,3467,12,744,5
sprien,spr2n,,,6,0,0,1,1,0,1,0,1,33,233,2,0,830,371027,101,33095,107,17122,21,4694,5
sprike,spr2k,1,,6,2,73,9,1891,9,0,1891,0,33,233,2,124,912,290780,96,50358,107,19519,22,7249,5
sprir,spr3,,,5,2,2,4,178,4,0,178,0,33,233,3,2,707,230135,69,11883,74,69402,7,311,4
sprirque,spr3k,,,8,0,0,1,0,1,0,0,0,33,233,0,0,934,261586,120,14331,15,707,4,94,5
sproat,spr5t,1,,6,1,2,11,176,11,0,176,0,33,233,4,2,977,665526,124,20576,97,19642,18,4890,5
sproe,spr5,1,,5,1,2,9,48,8,1,34,14,33,233,3,2,687,257398,72,9083,69,18363,5,271,4
sproth,sprQT,1,,6,0,0,9,636,4,5,51,585,33,233,0,0,1054,2266980,112,26663,114,27362,17,4008,5
spruite,sprut,1,,7,0,0,2,452,0,2,0,452,33,233,5,3,843,556164,82,37938,46,1740,10,475,5
sprurb,spr3b,,,6,0,0,2,6,2,0,6,0,33,233,0,0,617,156646,46,4569,92,12829,17,3488,5
sprurl,spr3l,,,6,0,0,4,6,4,0,6,0,33,233,1,0,639,177697,51,4970,92,12829,17,3488,5
sprusp,sprVsp,1,,6,0,0,1,0,1,0,0,0,33,233,0,0,771,239788,64,8318,98,13653,19,3966,6
sprymph,sprImf,,,7,0,0,2,4,2,0,4,0,33,233,0,0,496,70767,42,4442,43,1675,9,474,6
squark,skw#k,1,,6,2,86,1,0,1,0,0,0,39,171,2,0,650,296827,129,17788,45,7401,24,5250,5
strache,str{S,,,7,0,0,2,6,1,1,1,5,73,1382,2,4,1797,2418045,296,79663,94,18737,29,7491,5
straif,str1f,,,6,2,35,1,1,1,0,1,0,73,1382,7,170,1185,553625,178,53569,151,41770,42,15250,5
stralf,str{lf,1,,6,0,0,2,313,0,2,0,313,73,1382,0,0,1121,522006,134,46252,152,41252,40,14639,6
stralp,str{lp,,,6,0,0,2,4,2,0,4,0,73,1382,0,0,1128,523955,138,41656,152,41252,40,14639,6
strarge,str#_,,,7,1,97,5,422,5,0,422,0,73,1382,1,0,1544,699525,165,60030,104,21031,31,7534,5
strauve,str9v,1,,7,0,0,1,4,0,1,0,4,73,1382,4,5,1242,546202,139,40228,90,18440,29,7491,5
streath,striT,,,7,1,0,5,291,3,2,18,273,73,1382,5,178,1853,3223386,275,120584,103,20442,35,8652,5
strench,strEnJ,,,7,1,39,10,170,10,0,170,0,73,1382,0,0,1624,1148112,202,58491,102,23524,30,7568,6
stresk,strEsk,1,,6,2,37,1,81,1,0,81,0,73,1382,1,2,1626,903902,160,55213,149,50267,38,20085,6
streve,striv,1,,6,2,6,2,29,2,0,29,0,73,1382,5,182,1250,861955,124,40721,161,50652,38,19699,5
stridge,strI_,1,,7,0,0,4,75,4,0,75,0,73,1382,2,35,1212,551467,177,46191,103,19346,30,6430,5
strirp,str3p,,,6,0,0,1,0,1,0,0,0,73,1382,4,19,1004,496331,113,35787,160,46373,39,16253,5
stroff,strQf,1,,6,0,0,3,747,3,0,747,0,73,1382,4,168,1045,1044370,116,43803,148,45204,36,17151,5
stroise,str4s,,,7,0,0,2,60,0,2,0,60,73,1382,1,106,1332,1126971,135,38597,89,32867,25,5706,5
strusque,strVsk,,,8,0,0,1,1,0,1,0,1,73,1382,0,0,1109,509247,213,44443,28,9811,12,4627,6
strutch,strVJ,1,,7,1,39,5,35,4,1,30,5,73,1382,5,58,1289,715197,183,50076,89,17882,25,6307,5
swauk,sw9k,,,5,1,0,1,0,1,0,0,0,87,447,7,4,298,275326,34,1078,55,5545,13,241,4
sweach,swiJ,1,,6,0,0,10,811,10,0,811,0,87,447,7,190,1120,686839,87,44043,135,20131,19,924,4
sweb,swEb,,,4,1,1,2,6,2,0,6,0,87,447,3,2,241,182223,20,3146,18,1231,0,0,4
swef,swEf,1,,4,0,0,3,4,3,0,4,0,87,447,4,2,255,195067,18,3023,23,1702,0,0,4
swelm,swElm,1,,5,1,9,2,8,2,0,8,0,87,447,2,1,393,263816,40,23319,77,14608,10,2800,5
swerth,sw3T,,,6,0,0,1,4,1,0,4,0,87,447,3,3,729,2357572,57,73735,81,16650,12,1225,4
sweuth,swuT,1,,6,1,0,1,0,1,0,0,0,87,447,4,1,624,2240477,32,14911,66,12775,10,355,4
swilm,swIlm,,,5,1,1,1,72,1,0,72,0,87,447,2,0,430,310849,41,42641,98,50400,12,1398,5
swirge,sw3_,1,,6,0,0,1,0,1,0,0,0,87,447,3,6,540,374775,58,14326,78,14878,11,3363,4
swirr,sw3,1,,5,2,2,1,0,1,0,0,0,87,447,6,17,322,298046,35,3326,80,13720,13,1422,3
swoan,sw5n,,,5,2,6,4,25,4,0,25,0,87,447,6,58,531,864701,23,1664,56,8441,7,554,4
swoile,sw4l,1,,6,0,0,1,0,1,0,0,0,87,447,4,9,819,407551,89,27285,38,3673,5,218,4
swoll,swQl,,,5,2,10,12,73,4,8,26,47,87,447,9,15,485,402477,47,3758,82,45548,9,569,4
sworce,sw9s,,,6,0,0,1,157,1,0,157,0,87,447,6,8,491,588763,47,56530,85,20685,9,1989,4
swulb,swVlb,1,,5,0,0,1,6,1,0,6,0,87,447,0,0,191,122028,4,597,52,87714,1,376,5
swulf,swVlf,,,5,0,0,1,14,1,0,14,0,87,447,0,0,202,129345,4,664,53,87955,1,376,5
swulge,swVl_,1,,6,0,0,1,5,1,0,5,0,87,447,0,0,407,189091,7,676,56,10931,0,0,5
thaif,T1f,1,,5,1,0,1,1,1,0,1,0,119,95453,6,65,728,2623621,30,229705,102,204014,7,3608,3
theich,T1J,,,6,0,0,1,3,0,1,0,3,119,95453,2,0,1151,3982183,76,1420269,123,32198,6,790,3
therg,T3g,,,5,2,3035,1,1,1,0,1,0,119,95453,5,222,782,3891437,83,1465443,79,401985,10,196744,3
therge,T3_,1,,6,0,0,3,13,3,0,13,0,119,95453,8,233,998,3958547,110,1476698,100,31739,8,3200,3
thirth,T3T,,,6,0,0,4,61,4,0,61,0,119,95453,9,431,914,4299257,74,131254,121,41815,17,12183,3
thisp,TIsp,1,,5,0,0,3,13,3,0,13,0,119,95453,2,0,733,2635088,36,287678,100,296054,11,26114,4
thoff,TQf,1,,5,0,0,3,747,3,0,747,0,119,95453,4,41,563,2634233,17,41373,89,223535,4,14677,3
tholk,TQlk,,,5,0,0,2,19,0,2,0,19,119,95453,0,0,614,2167186,20,39950,83,227322,4,21381,4
thorch,T9J,,,6,0,0,3,23,3,0,23,0,119,95453,8,991,1048,2660954,59,45930,155,58562,15,4485,3
thorge,T9_,1,,6,0,0,2,13,2,0,13,0,119,95453,7,1075,874,2529478,65,47476,122,54043,13,4765,3
thoule,T6l,1,,6,0,0,1,0,0,1,0,0,119,95453,6,10,1153,2768299,49,178289,95,77781,7,32408,3
thourge,T9_,,,7,0,0,1,2,0,1,0,2,119,95453,7,1075,1061,2674750,88,139001,51,60720,7,23893,3
thoz,TQz,1,,4,1,13,1,9,0,1,0,9,119,95453,4,8608,460,2092110,9,27963,31,460580,1,224,3
thrab,Tr{b,1,,5,1,2,16,53,15,1,52,1,43,1842,5,11,740,1995611,56,34573,51,193057,5,12289,4
thrac,Tr{k,,,5,0,0,5,3,5,0,3,0,43,1842,4,40,832,2087036,71,38682,50,193056,5,12289,4
thralc,Tr{lk,1,,6,1,1,1,0,1,0,0,0,43,1842,0,0,879,2131189,52,34612,105,24967,26,4552,5
thrarce,Tr#s,1,,7,0,0,2,12,1,1,3,9,43,1842,3,27,1219,2336592,76,44605,61,49018,11,16700,4
thrarse,Tr#s,,,7,0,0,2,6,2,0,6,0,43,1842,3,27,1420,2553147,117,73529,62,49337,11,16700,4
thrath,Tr{T,,,6,1,2,7,115,2,5,6,109,43,1842,1,2,1178,4295761,110,47538,133,35718,29,5618,4
threll,TrEl,1,,6,2,6,15,1859,15,0,1859,0,43,1842,5,36,1115,2612780,99,82962,110,33223,28,5419,4
threpe,Trip,1,,6,0,0,1,1,0,1,0,1,43,1842,2,10,1125,2395188,69,46864,107,32671,28,5419,4
thrilch,TrIlJ,,,7,0,0,2,0,2,0,0,0,43,1842,2,10,1256,2318579,105,36093,74,48571,22,16906,5
thrilt,TrIlt,1,,6,2,6,9,68,9,0,68,0,43,1842,3,11,924,2140522,113,40185,117,28915,36,5738,5
thrilth,TrIlT,,,7,0,0,2,6,2,0,6,0,43,1842,2,10,1208,4034087,118,43524,71,47842,22,16930,5
thrir,Tr3,,,5,1,2768,4,178,4,0,178,0,43,1842,6,1736,740,2110880,67,34956,49,244037,5,12289,3
throoge,Tru_,1,,7,0,0,2,1,2,0,1,0,43,1842,0,0,1211,2333557,115,66896,56,65961,18,32899,4
throurge,Tr9_,,,8,0,0,1,2,0,1,0,2,43,1842,1,1,1303,2701311,173,157271,23,2186,8,231,4
thruiff,Truf,,,7,0,0,1,0,0,1,0,0,43,1842,1,8,675,2066181,81,37186,40,45835,11,16723,4
thruint,Trunt,,,7,0,0,2,18,0,2,0,18,43,1842,0,0,1037,2506837,116,48669,42,45972,11,16723,5
thrulch,TrVlJ,1,,7,0,0,2,1,1,1,1,0,43,1842,0,0,989,2268492,72,37189,48,46798,12,16725,5
thrurve,Tr3v,,,7,0,0,1,12,1,0,12,0,43,1842,2,2,885,2195665,81,38736,42,45878,11,16723,4
thrusque,TrVsk,,,8,0,0,1,1,0,1,0,1,43,1842,1,10,869,2125671,169,43734,19,2444,6,549,5
thrutt,TrVt,1,,6,1,25,3,10,3,0,10,0,43,1842,4,29,605,2123624,70,37026,107,24892,29,4524,4
thrys,TrIs,,,5,0,0,1,1,0,1,0,1,43,1842,2,6,416,1959294,45,33043,57,193211,5,12289,4
thuice,Tus,1,,6,1,1,2,21,2,0,21,0,119,95453,6,26,644,2097035,43,19092,88,31347,8,1859,3
thutch,TVJ,1,,6,1,2,5,35,4,1,30,5,119,95453,9,3150,927,2282076,93,18340,124,31775,21,1552,3
thwab,Tw{b,,,5,0,0,16,53,15,1,52,1,5,1,1,0,461,2148200,12,80,33,179632,0,0,4
thwange,Tw{n_,1,,7,0,0,6,442,0,6,0,442,5,1,0,0,1038,3008003,110,41239,38,35101,6,3468,5
thwease,Twis,,,7,0,0,7,170,3,4,18,152,5,1,0,0,1229,2954844,82,34029,32,30136,2,2,4
thweat,Twit,,,6,1,60,18,1256,15,3,554,702,5,1,4,40,995,2691016,72,34281,53,21540,3,1104,4
thwee,Twi,1,,5,1,591,21,1958,20,1,1957,1,5,1,2,763,679,2250265,20,8765,54,191131,0,0,3
thwelse,TwEls,,,7,0,0,1,246,1,0,246,0,5,1,0,0,991,2421700,45,31812,30,29419,2,2,5
thwemp,TwEmp,1,,6,0,0,2,2,2,0,2,0,5,1,0,0,576,2132498,10,138,46,16986,2,23,5
thwese,Twis,,,6,0,0,1,1149,0,1,0,1149,5,1,0,0,1215,2488941,12,24450,73,33735,3,513,4
thwess,TwEs,1,,6,0,0,10,743,10,0,743,0,5,1,0,0,1041,2282462,26,20214,48,18072,3,583,4
thwin,TwIn,1,,5,0,0,19,17950,19,0,17950,0,5,1,2,12,742,2535096,32,9735,46,185898,0,0,4
thwinc,TwINk,,,6,0,0,1,4,1,0,4,0,5,1,0,0,844,2571130,53,19941,62,19143,2,23,5
thwizz,TwIz,,,6,0,0,2,1,2,0,1,0,5,1,1,5,414,2078759,11,65,42,15839,2,23,4
thwoathe,Tw5D,1,,8,0,0,1,2,1,0,2,0,5,1,0,0,1292,6088367,140,1325068,9,1308,1,2,4
thwoe,Tw5,,,5,0,0,9,48,8,1,34,14,5,1,1,35,381,2035798,7,94,32,179631,0,0,3
thwoove,Twuv,1,,7,0,0,2,4,2,0,4,0,5,1,0,0,882,2335455,67,22267,23,30785,2,2,4
thwoque,Tw5k,1,,7,0,0,1,0,1,0,0,0,5,1,1,0,576,2047274,51,2419,23,29000,3,27,4
thwow,Tw6,,,5,1,46,28,4548,14,14,2754,1794,5,1,0,0,497,2165074,6,60,33,180462,0,0,3
thwuip,Twup,1,,6,0,0,1,1,0,1,0,1,5,1,1,1,439,1924979,8,58,42,15839,2,23,4
thwulge,TwVl_,,,7,0,0,1,5,1,0,5,0,5,1,0,0,608,2074665,10,306,26,30731,2,2,5
thwurch,Tw3J,1,,7,0,0,2,153,2,0,153,0,5,1,0,0,856,2182267,33,10853,30,29954,2,2,4
tralf,tr{lf,,,5,0,0,2,313,0,2,0,313,113,2022,0,0,706,268840,61,21497,153,55656,13,5968,5
tralse,tr{ls,1,,6,0,0,2,45,0,2,0,45,113,2022,3,18,1111,537259,81,23678,143,31637,10,1198,5
trarsh,tr#S,,,6,0,0,2,26,2,0,26,0,113,2022,2,0,1276,590314,103,40193,171,32147,14,1561,4
trart,tr#t,,,5,2,6,13,853,11,2,851,2,113,2022,4,43,970,414838,94,40004,198,93121,18,12503,4
treich,tr1J,,,6,1,5,1,3,0,1,0,3,113,2022,6,420,1117,790377,45,73517,138,24536,4,415,4
troar,tr9,1,,5,0,0,5,17,5,0,17,0,113,2022,8,1154,997,512016,76,15417,134,55113,10,1465,3
trolf,trQlf,1,,5,1,1,2,34,1,1,28,6,113,2022,0,0,655,316536,53,10231,131,57479,9,708,5
trome,tr5m,1,,5,1,0,8,3050,6,2,510,2540,113,2022,6,9,774,619620,64,136249,142,55110,8,696,4
trooch,truJ,1,,6,1,2,3,2,2,1,0,2,113,2022,4,87,1230,601247,91,19908,186,30103,20,2024,4
trount,tr6nt,,,6,0,0,3,104,3,0,104,0,113,2022,1,0,1059,807473,152,91129,132,43313,16,10420,5
trume,trum,1,,5,2,4,3,3,3,0,3,0,113,2022,8,92,601,319795,52,11121,104,32722,13,4429,4
twab,tw{b,,,4,1,1,16,53,15,1,52,1,39,1496,1,2,211,281385,6,64,20,1340,1,20,4
twack,tw{k,1,,5,1,41,23,1767,23,0,1767,0,39,1496,5,25,530,439987,69,35611,103,46557,15,7531,4
twadge,tw{_,,,6,0,0,3,6,2,1,6,0,39,1496,1,2,529,530741,57,6092,60,13001,13,1314,4
twag,tw{g,1,,4,2,4,22,133,22,0,133,0,39,1496,3,3,248,294609,12,585,21,1649,1,19,4
twarn,tw#n,,,5,1,1,5,24,4,1,13,11,39,1496,3,13,596,545882,54,16142,101,45757,8,2161,4
twarse,tw#s,1,,6,0,0,2,6,2,0,6,0,39,1496,1,58,891,838921,100,49109,112,38834,13,11015,4
twarve,tw#v,,,6,0,0,2,8,2,0,8,0,39,1496,1,2,778,682340,63,14851,95,13927,6,358,4
twash,tw{S,,,5,1,4,22,229,21,1,190,39,39,1496,2,2,630,858555,57,194476,91,25971,13,1213,4
twaul,tw9l,1,,5,0,0,4,9,4,0,9,0,39,1496,3,1,338,406736,18,1191,33,2714,2,34,4
twaun,tw9n,1,,5,1,1,1,0,1,0,0,0,39,1496,4,16,427,355841,24,1648,32,2702,2,34,4
twiege,twi_,,,6,1,3,2,8,2,0,8,0,39,1496,3,2,468,318799,27,2981,56,15508,5,184,4
twirth,tw3T,1,,6,0,0,4,61,4,0,61,0,39,1496,2,1,616,2255578,65,15838,73,15965,13,1524,4
twoll,twQl,,,5,2,2,12,73,4,8,26,47,39,1496,2,1,436,421236,37,25802,59,42705,3,68,4
twont,twQnt,1,,5,0,0,3,250,1,2,1,249,39,1496,0,0,380,471418,10,33810,79,37666,1,4422,5
tworce,tw9s,1,,6,0,0,1,157,1,0,157,0,39,1496,1,58,442,607522,37,78574,72,20772,6,1914,4
twow,tw6,,,4,1,2,28,4548,14,14,2754,1794,39,1496,1,2,247,298259,3,22702,22,29410,1,44,3
twoy,tw4,,,4,2,4,9,287,9,0,287,0,39,1496,2,3,122,157368,2,22669,11,600,1,44,3
twuiff,twuf,1,,6,0,0,1,0,0,1,0,0,39,1496,0,0,225,135109,20,1172,23,2258,0,0,4
twuite,twut,,,6,0,0,2,452,0,2,0,452,39,1496,2,1,426,505837,35,31719,30,2617,2,275,4
twum,twVm,1,,4,1,1,16,92,16,0,92,0,39,1496,1,0,139,34412,1,21,13,843,1,21,4
velk,vElk,,,4,1,1,2,1,2,0,1,0,77,873,2,0,412,248889,6,52,45,59376,1,9,4
vesk,vEsk,1,,4,2,86,1,81,1,0,81,0,77,873,2,20,852,353084,82,15261,36,29492,2,1540,4
viff,vIf,1,,4,2,0,7,47,7,0,47,0,77,873,4,0,140,94152,19,1170,30,21706,2,7,3
vilge,vIl_,1,,5,1,2,1,2,1,0,2,0,77,873,1,2,453,189735,5,252,89,20976,3,143,4
voathe,v5D,,,6,1,2,1,2,1,0,2,0,77,873,4,71,956,4078399,134,1325039,83,11338,14,577,3
vodge,vQ_,1,,5,2,22,4,22,4,0,22,0,77,873,5,21,348,119442,52,6335,75,21438,17,2718,3
whalse,w{ls,1,,6,0,0,2,45,0,2,0,45,78,13700,3,8,863,1212074,52,63807,106,35233,5,199,4
whealt,wilt,,,6,0,0,1,20,0,1,0,20,78,13700,7,40,1023,2367607,97,103395,90,10865,8,564,4
whoob,wub,1,,5,1,1,1,0,1,0,0,0,78,13700,8,7,554,600064,45,66102,97,156205,8,12311,3
whuib,wub,,,5,0,0,1,0,0,1,0,0,78,13700,8,7,251,280614,2,4,47,105265,1,2,3
whuilt,wult,,,6,0,0,3,161,0,3,0,161,78,13700,3,0,509,415385,30,8660,46,5576,1,95,4
whulp,wVlp,1,,5,1,0,2,7,2,0,7,0,78,13700,3,1,282,383233,11,394,59,186597,0,0,4
wrarse,r#s,,,6,0,0,2,6,2,0,6,0,43,562,5,210,1102,632731,76,40509,173,45268,11,10914,3
wrerge,r3_,,,6,0,0,3,13,3,0,13,0,43,562,9,20,821,715915,48,12249,97,21310,7,2829,3
wrilk,rIlk,1,,5,0,0,3,128,3,0,128,0,43,562,5,86,578,216468,44,6196,124,74455,9,2592,4
wronge,rQn_,,,6,1,2,1,8,0,1,0,8,43,562,0,0,878,596994,109,52849,145,39070,22,5990,4
wrourge,r9_,,,7,0,0,1,2,0,1,0,2,43,562,9,108,985,780895,115,110162,79,28667,16,5546,3
wrulf,rVlf,,,5,0,0,1,14,1,0,14,0,43,562,1,9,285,158760,6,2994,55,98491,1,47,4
wrult,rVlt,1,,5,0,0,1,9,1,0,9,0,43,562,6,21,339,170019,10,3772,66,102685,3,762,4
yenge,jEn_,1,,5,1,0,1,0,0,1,0,0,71,10386,1,0,549,408946,54,16840,101,41118,10,1792,4
yeph,jEf,,,4,1,20,1,1,1,0,1,0,71,10386,8,7793,132,78957,1,11,10,12223,0,0,3
yerb,j3b,1,,4,2,12,2,12,2,0,12,0,71,10386,4,14,200,288806,6,921,34,85123,2,201,3
yiege,ji_,,,5,2,8,2,8,2,0,8,0,71,10386,2,6,336,110721,6,767,62,19895,5,579,3
yif,jIf,,,3,2,1,1,2694,1,0,2694,0,71,10386,5,0,54,70688,0,0,2,19,0,0,3
yoove,juv,1,,5,1,0,2,4,2,0,4,0,71,10386,8,2005,549,464581,48,19850,115,38785,10,2818,3
zilk,zIlk,,,4,2,127,3,128,3,0,128,0,20,47,3,46,267,132704,7,2338,52,60189,2,2262,4
zoint,z4nt,,,5,2,380,2,380,2,0,380,0,20,47,2,1126,556,553105,64,23291,122,76202,18,16375,4
zooth,zuT,1,,5,2,22,3,58,1,2,13,45,20,47,4,97,660,2174893,59,20870,127,51469,16,2836,3
zorch,z9J,1,,5,2,22,3,23,3,0,23,0,20,47,3,10,604,569752,28,11508,127,113159,11,4879,3
zorge,z9_,,,5,2,13,2,13,2,0,13,0,20,47,3,94,430,438276,34,13054,105,56025,14,7191,3
zoute,z6t,1,,5,1,39,1,39,0,1,0,39,20,47,8,203,524,682334,54,55945,111,190427,15,10802,3