ROI,Subject,Effect, LocalizerSize,EffectSize
1,770_FED_20191120c_3T2_PL2017,S, 167,0.866311
1,770_FED_20191120c_3T2_PL2017,N, 167,1.355604
1,788_FED_20191120b_3T2_PL2017,S, 35,0.357869
1,788_FED_20191120b_3T2_PL2017,N, 35,0.285868
1,803_FED_20191120d_3T2_PL2017,S, 53,1.073308
1,803_FED_20191120d_3T2_PL2017,N, 53,0.876335
1,805_FED_20191204a_3T2_PL2017,S, 149,2.266425
1,805_FED_20191204a_3T2_PL2017,N, 149,2.617902
1,806_FED_20191204b_3T2_PL2017,S, 139,0.359115
1,806_FED_20191204b_3T2_PL2017,N, 139,0.373465
1,807_FED_20191204c_3T2_PL2017,S, 7,1.133364
1,807_FED_20191204c_3T2_PL2017,N, 7,1.145911
1,797_FED_20200205a_3T2_PL2017,S, 151,0.034559
1,797_FED_20200205a_3T2_PL2017,N, 151,0.000808
1,261_FED_20200205b_3T2_PL2017,S, 134,1.661837
1,261_FED_20200205b_3T2_PL2017,N, 134,1.692033
1,824_FED_20200130a_3T2_PL2017,S, 35,0.814528
1,824_FED_20200130a_3T2_PL2017,N, 35,0.921968
1,825_FED_20200130b_3T2_PL2017,S, 121,0.675910
1,825_FED_20200130b_3T2_PL2017,N, 121,0.914801
1,826_FED_20200130c_3T2_PL2017,S, 91,0.928140
1,826_FED_20200130c_3T2_PL2017,N, 91,0.968826
1,827_FED_20200130d_3T2_PL2017,S, 75,1.101288
1,827_FED_20200130d_3T2_PL2017,N, 75,1.520036
1,828_FED_20200205c_3T2_PL2017,S, 381,0.810986
1,828_FED_20200205c_3T2_PL2017,N, 381,0.934065
1,831_FED_20200213b_3T2_PL2017,S, 204,0.143357
1,831_FED_20200213b_3T2_PL2017,N, 204,0.030822
2,770_FED_20191120c_3T2_PL2017,S, 93,0.927164
2,770_FED_20191120c_3T2_PL2017,N, 93,1.625789
2,788_FED_20191120b_3T2_PL2017,S, 107,0.024541
2,788_FED_20191120b_3T2_PL2017,N, 107,-0.536172
2,803_FED_20191120d_3T2_PL2017,S, 97,1.380680
2,803_FED_20191120d_3T2_PL2017,N, 97,1.044501
2,805_FED_20191204a_3T2_PL2017,S, 59,1.158979
2,805_FED_20191204a_3T2_PL2017,N, 59,1.402434
2,806_FED_20191204b_3T2_PL2017,S, 43,0.304909
2,806_FED_20191204b_3T2_PL2017,N, 43,0.345648
2,807_FED_20191204c_3T2_PL2017,S, 29,0.840506
2,807_FED_20191204c_3T2_PL2017,N, 29,0.799109
2,797_FED_20200205a_3T2_PL2017,S, 54,-0.013739
2,797_FED_20200205a_3T2_PL2017,N, 54,-0.074736
2,261_FED_20200205b_3T2_PL2017,S, 61,0.669237
2,261_FED_20200205b_3T2_PL2017,N, 61,0.597524
2,824_FED_20200130a_3T2_PL2017,S, 17,1.336055
2,824_FED_20200130a_3T2_PL2017,N, 17,1.388123
2,825_FED_20200130b_3T2_PL2017,S, 100,0.619353
2,825_FED_20200130b_3T2_PL2017,N, 100,0.625759
2,826_FED_20200130c_3T2_PL2017,S, 60,0.797996
2,826_FED_20200130c_3T2_PL2017,N, 60,0.644611
2,827_FED_20200130d_3T2_PL2017,S, 136,1.691074
2,827_FED_20200130d_3T2_PL2017,N, 136,2.039882
2,828_FED_20200205c_3T2_PL2017,S, 249,0.704676
2,828_FED_20200205c_3T2_PL2017,N, 249,0.802015
2,831_FED_20200213b_3T2_PL2017,S, 122,0.134684
2,831_FED_20200213b_3T2_PL2017,N, 122,-0.003503
3,770_FED_20191120c_3T2_PL2017,S, 35,0.617630
3,770_FED_20191120c_3T2_PL2017,N, 35,0.836997
3,788_FED_20191120b_3T2_PL2017,S, 51,0.627189
3,788_FED_20191120b_3T2_PL2017,N, 51,0.754413
3,803_FED_20191120d_3T2_PL2017,S, 24,0.938066
3,803_FED_20191120d_3T2_PL2017,N, 24,0.435206
3,805_FED_20191204a_3T2_PL2017,S, 2,0.587356
3,805_FED_20191204a_3T2_PL2017,N, 2,0.670729
3,806_FED_20191204b_3T2_PL2017,S, 92,0.541002
3,806_FED_20191204b_3T2_PL2017,N, 92,0.495166
3,807_FED_20191204c_3T2_PL2017,S, 46,0.441331
3,807_FED_20191204c_3T2_PL2017,N, 46,0.506544
3,797_FED_20200205a_3T2_PL2017,S, 28,0.059114
3,797_FED_20200205a_3T2_PL2017,N, 28,0.112711
3,261_FED_20200205b_3T2_PL2017,S, 35,1.784813
3,261_FED_20200205b_3T2_PL2017,N, 35,1.718717
3,824_FED_20200130a_3T2_PL2017,S, 38,1.069738
3,824_FED_20200130a_3T2_PL2017,N, 38,1.168074
3,825_FED_20200130b_3T2_PL2017,S, 40,0.529274
3,825_FED_20200130b_3T2_PL2017,N, 40,0.688312
3,826_FED_20200130c_3T2_PL2017,S, 49,0.873044
3,826_FED_20200130c_3T2_PL2017,N, 49,0.935661
3,827_FED_20200130d_3T2_PL2017,S, 57,0.283240
3,827_FED_20200130d_3T2_PL2017,N, 57,0.649605
3,828_FED_20200205c_3T2_PL2017,S, 129,0.555866
3,828_FED_20200205c_3T2_PL2017,N, 129,0.635479
3,831_FED_20200213b_3T2_PL2017,S, 74,0.132402
3,831_FED_20200213b_3T2_PL2017,N, 74,0.124387
4,770_FED_20191120c_3T2_PL2017,S, 48,-0.619230
4,770_FED_20191120c_3T2_PL2017,N, 48,-0.634663
4,788_FED_20191120b_3T2_PL2017,S, 10,1.571955
4,788_FED_20191120b_3T2_PL2017,N, 10,-0.064640
4,803_FED_20191120d_3T2_PL2017,S, 46,1.194529
4,803_FED_20191120d_3T2_PL2017,N, 46,-0.042357
4,805_FED_20191204a_3T2_PL2017,S, 22,0.127634
4,805_FED_20191204a_3T2_PL2017,N, 22,0.677741
4,806_FED_20191204b_3T2_PL2017,S, 23,1.193169
4,806_FED_20191204b_3T2_PL2017,N, 23,1.016915
4,807_FED_20191204c_3T2_PL2017,S, 22,-0.259198
4,807_FED_20191204c_3T2_PL2017,N, 22,0.045743
4,797_FED_20200205a_3T2_PL2017,S, 100,-0.107828
4,797_FED_20200205a_3T2_PL2017,N, 100,-0.187866
4,261_FED_20200205b_3T2_PL2017,S, 16,2.363075
4,261_FED_20200205b_3T2_PL2017,N, 16,-0.430409
4,824_FED_20200130a_3T2_PL2017,S, 67,0.962021
4,824_FED_20200130a_3T2_PL2017,N, 67,0.745178
4,825_FED_20200130b_3T2_PL2017,S, 48,0.656958
4,825_FED_20200130b_3T2_PL2017,N, 48,0.917305
4,826_FED_20200130c_3T2_PL2017,S, 2,3.276733
4,826_FED_20200130c_3T2_PL2017,N, 2,2.746290
4,827_FED_20200130d_3T2_PL2017,S, 34,1.319667
4,827_FED_20200130d_3T2_PL2017,N, 34,0.430714
4,828_FED_20200205c_3T2_PL2017,S, 98,0.589390
4,828_FED_20200205c_3T2_PL2017,N, 98,0.704046
4,831_FED_20200213b_3T2_PL2017,S, 83,-0.264534
4,831_FED_20200213b_3T2_PL2017,N, 83,-0.932265
5,770_FED_20191120c_3T2_PL2017,S, 3,0.047463
5,770_FED_20191120c_3T2_PL2017,N, 3,-0.336598
5,788_FED_20191120b_3T2_PL2017,S, 17,0.924441
5,788_FED_20191120b_3T2_PL2017,N, 17,-0.882691
5,803_FED_20191120d_3T2_PL2017,S, 6,0.203177
5,803_FED_20191120d_3T2_PL2017,N, 6,-0.146119
5,805_FED_20191204a_3T2_PL2017,S, 2,1.115300
5,805_FED_20191204a_3T2_PL2017,N, 2,0.395372
5,806_FED_20191204b_3T2_PL2017,S, 13,0.797671
5,806_FED_20191204b_3T2_PL2017,N, 13,0.211934
5,807_FED_20191204c_3T2_PL2017,S, 0,0.000000
5,807_FED_20191204c_3T2_PL2017,N, 0,0.000000
5,797_FED_20200205a_3T2_PL2017,S, 2,-0.283644
5,797_FED_20200205a_3T2_PL2017,N, 2,-0.135753
5,261_FED_20200205b_3T2_PL2017,S, 14,1.972072
5,261_FED_20200205b_3T2_PL2017,N, 14,0.569118
5,824_FED_20200130a_3T2_PL2017,S, 15,0.178639
5,824_FED_20200130a_3T2_PL2017,N, 15,-0.017015
5,825_FED_20200130b_3T2_PL2017,S, 12,0.452389
5,825_FED_20200130b_3T2_PL2017,N, 12,0.284103
5,826_FED_20200130c_3T2_PL2017,S, 13,1.832400
5,826_FED_20200130c_3T2_PL2017,N, 13,1.010234
5,827_FED_20200130d_3T2_PL2017,S, 4,0.965647
5,827_FED_20200130d_3T2_PL2017,N, 4,0.658848
5,828_FED_20200205c_3T2_PL2017,S, 17,0.557423
5,828_FED_20200205c_3T2_PL2017,N, 17,0.465724
5,831_FED_20200213b_3T2_PL2017,S, 26,1.200806
5,831_FED_20200213b_3T2_PL2017,N, 26,-0.411416
6,770_FED_20191120c_3T2_PL2017,S, 1,0.163183
6,770_FED_20191120c_3T2_PL2017,N, 1,0.574028
6,788_FED_20191120b_3T2_PL2017,S, 1,-0.232338
6,788_FED_20191120b_3T2_PL2017,N, 1,-0.293853
6,803_FED_20191120d_3T2_PL2017,S, 32,1.470013
6,803_FED_20191120d_3T2_PL2017,N, 32,0.262409
6,805_FED_20191204a_3T2_PL2017,S, 5,0.888702
6,805_FED_20191204a_3T2_PL2017,N, 5,0.476718
6,806_FED_20191204b_3T2_PL2017,S, 12,0.263308
6,806_FED_20191204b_3T2_PL2017,N, 12,0.257113
6,807_FED_20191204c_3T2_PL2017,S, 6,-0.029675
6,807_FED_20191204c_3T2_PL2017,N, 6,-0.234482
6,797_FED_20200205a_3T2_PL2017,S, 1,-0.159741
6,797_FED_20200205a_3T2_PL2017,N, 1,-0.060927
6,261_FED_20200205b_3T2_PL2017,S, 29,2.447719
6,261_FED_20200205b_3T2_PL2017,N, 29,0.935723
6,824_FED_20200130a_3T2_PL2017,S, 14,0.409126
6,824_FED_20200130a_3T2_PL2017,N, 14,0.255477
6,825_FED_20200130b_3T2_PL2017,S, 11,-0.167123
6,825_FED_20200130b_3T2_PL2017,N, 11,0.253310
6,826_FED_20200130c_3T2_PL2017,S, 14,1.990798
6,826_FED_20200130c_3T2_PL2017,N, 14,1.814902
6,827_FED_20200130d_3T2_PL2017,S, 6,1.158712
6,827_FED_20200130d_3T2_PL2017,N, 6,0.980863
6,828_FED_20200205c_3T2_PL2017,S, 22,-0.177241
6,828_FED_20200205c_3T2_PL2017,N, 22,-0.621856
6,831_FED_20200213b_3T2_PL2017,S, 39,0.495452
6,831_FED_20200213b_3T2_PL2017,N, 39,-0.460686
7,770_FED_20191120c_3T2_PL2017,S, 3,0.317653
7,770_FED_20191120c_3T2_PL2017,N, 3,-1.340068
7,788_FED_20191120b_3T2_PL2017,S, 16,2.253034
7,788_FED_20191120b_3T2_PL2017,N, 16,1.152198
7,803_FED_20191120d_3T2_PL2017,S, 11,0.591036
7,803_FED_20191120d_3T2_PL2017,N, 11,-0.284403
7,805_FED_20191204a_3T2_PL2017,S, 7,0.838848
7,805_FED_20191204a_3T2_PL2017,N, 7,0.124716
7,806_FED_20191204b_3T2_PL2017,S, 15,0.713348
7,806_FED_20191204b_3T2_PL2017,N, 15,-0.229678
7,807_FED_20191204c_3T2_PL2017,S, 5,1.627038
7,807_FED_20191204c_3T2_PL2017,N, 5,0.743500
7,797_FED_20200205a_3T2_PL2017,S, 10,-0.032041
7,797_FED_20200205a_3T2_PL2017,N, 10,-0.304490
7,261_FED_20200205b_3T2_PL2017,S, 4,2.209196
7,261_FED_20200205b_3T2_PL2017,N, 4,0.048492
7,824_FED_20200130a_3T2_PL2017,S, 18,0.976864
7,824_FED_20200130a_3T2_PL2017,N, 18,0.583898
7,825_FED_20200130b_3T2_PL2017,S, 19,1.064233
7,825_FED_20200130b_3T2_PL2017,N, 19,1.036604
7,826_FED_20200130c_3T2_PL2017,S, 10,2.633892
7,826_FED_20200130c_3T2_PL2017,N, 10,1.755786
7,827_FED_20200130d_3T2_PL2017,S, 9,-0.147193
7,827_FED_20200130d_3T2_PL2017,N, 9,0.425357
7,828_FED_20200205c_3T2_PL2017,S, 12,-0.201602
7,828_FED_20200205c_3T2_PL2017,N, 12,-0.067803
7,831_FED_20200213b_3T2_PL2017,S, 25,-0.205078
7,831_FED_20200213b_3T2_PL2017,N, 25,-0.758048
8,770_FED_20191120c_3T2_PL2017,S, 4,0.099730
8,770_FED_20191120c_3T2_PL2017,N, 4,-0.060505
8,788_FED_20191120b_3T2_PL2017,S, 16,0.366004
8,788_FED_20191120b_3T2_PL2017,N, 16,-0.013898
8,803_FED_20191120d_3T2_PL2017,S, 4,0.229647
8,803_FED_20191120d_3T2_PL2017,N, 4,-0.112943
8,805_FED_20191204a_3T2_PL2017,S, 8,0.209128
8,805_FED_20191204a_3T2_PL2017,N, 8,-0.060403
8,806_FED_20191204b_3T2_PL2017,S, 12,0.004014
8,806_FED_20191204b_3T2_PL2017,N, 12,-0.164142
8,807_FED_20191204c_3T2_PL2017,S, 5,0.406467
8,807_FED_20191204c_3T2_PL2017,N, 5,0.193975
8,797_FED_20200205a_3T2_PL2017,S, 4,-0.029470
8,797_FED_20200205a_3T2_PL2017,N, 4,-0.091676
8,261_FED_20200205b_3T2_PL2017,S, 10,0.815995
8,261_FED_20200205b_3T2_PL2017,N, 10,0.614695
8,824_FED_20200130a_3T2_PL2017,S, 0,0.000000
8,824_FED_20200130a_3T2_PL2017,N, 0,0.000000
8,825_FED_20200130b_3T2_PL2017,S, 4,0.045234
8,825_FED_20200130b_3T2_PL2017,N, 4,-0.010408
8,826_FED_20200130c_3T2_PL2017,S, 12,-0.032040
8,826_FED_20200130c_3T2_PL2017,N, 12,0.052334
8,827_FED_20200130d_3T2_PL2017,S, 4,0.275817
8,827_FED_20200130d_3T2_PL2017,N, 4,0.256436
8,828_FED_20200205c_3T2_PL2017,S, 3,0.572615
8,828_FED_20200205c_3T2_PL2017,N, 3,0.378073
8,831_FED_20200213b_3T2_PL2017,S, 6,-0.031936
8,831_FED_20200213b_3T2_PL2017,N, 6,-0.052079
9,770_FED_20191120c_3T2_PL2017,S, 3,0.335862
9,770_FED_20191120c_3T2_PL2017,N, 3,-0.379566
9,788_FED_20191120b_3T2_PL2017,S, 5,3.089125
9,788_FED_20191120b_3T2_PL2017,N, 5,-0.353570
9,803_FED_20191120d_3T2_PL2017,S, 10,1.420011
9,803_FED_20191120d_3T2_PL2017,N, 10,0.093047
9,805_FED_20191204a_3T2_PL2017,S, 1,0.766120
9,805_FED_20191204a_3T2_PL2017,N, 1,0.375893
9,806_FED_20191204b_3T2_PL2017,S, 8,1.806390
9,806_FED_20191204b_3T2_PL2017,N, 8,1.553726
9,807_FED_20191204c_3T2_PL2017,S, 3,1.977636
9,807_FED_20191204c_3T2_PL2017,N, 3,0.299935
9,797_FED_20200205a_3T2_PL2017,S, 10,0.060786
9,797_FED_20200205a_3T2_PL2017,N, 10,-0.168218
9,261_FED_20200205b_3T2_PL2017,S, 5,3.112752
9,261_FED_20200205b_3T2_PL2017,N, 5,0.610506
9,824_FED_20200130a_3T2_PL2017,S, 5,0.324152
9,824_FED_20200130a_3T2_PL2017,N, 5,-0.238046
9,825_FED_20200130b_3T2_PL2017,S, 8,0.825288
9,825_FED_20200130b_3T2_PL2017,N, 8,1.069199
9,826_FED_20200130c_3T2_PL2017,S, 0,0.000000
9,826_FED_20200130c_3T2_PL2017,N, 0,0.000000
9,827_FED_20200130d_3T2_PL2017,S, 15,1.063919
9,827_FED_20200130d_3T2_PL2017,N, 15,0.213373
9,828_FED_20200205c_3T2_PL2017,S, 17,0.947939
9,828_FED_20200205c_3T2_PL2017,N, 17,0.711131
9,831_FED_20200213b_3T2_PL2017,S, 14,1.533997
9,831_FED_20200213b_3T2_PL2017,N, 14,0.578997
10,770_FED_20191120c_3T2_PL2017,S, 3,-0.143192
10,770_FED_20191120c_3T2_PL2017,N, 3,0.127551
10,788_FED_20191120b_3T2_PL2017,S, 3,-0.184253
10,788_FED_20191120b_3T2_PL2017,N, 3,-0.119230
10,803_FED_20191120d_3T2_PL2017,S, 4,0.417592
10,803_FED_20191120d_3T2_PL2017,N, 4,0.478761
10,805_FED_20191204a_3T2_PL2017,S, 0,0.000000
10,805_FED_20191204a_3T2_PL2017,N, 0,0.000000
10,806_FED_20191204b_3T2_PL2017,S, 2,-0.891376
10,806_FED_20191204b_3T2_PL2017,N, 2,-1.079042
10,807_FED_20191204c_3T2_PL2017,S, 2,0.039626
10,807_FED_20191204c_3T2_PL2017,N, 2,0.209593
10,797_FED_20200205a_3T2_PL2017,S, 13,0.003380
10,797_FED_20200205a_3T2_PL2017,N, 13,-0.186518
10,261_FED_20200205b_3T2_PL2017,S, 6,0.985562
10,261_FED_20200205b_3T2_PL2017,N, 6,1.036057
10,824_FED_20200130a_3T2_PL2017,S, 9,0.382852
10,824_FED_20200130a_3T2_PL2017,N, 9,0.480698
10,825_FED_20200130b_3T2_PL2017,S, 8,1.607368
10,825_FED_20200130b_3T2_PL2017,N, 8,1.439776
10,826_FED_20200130c_3T2_PL2017,S, 7,0.971544
10,826_FED_20200130c_3T2_PL2017,N, 7,1.512744
10,827_FED_20200130d_3T2_PL2017,S, 2,0.530070
10,827_FED_20200130d_3T2_PL2017,N, 2,0.520590
10,828_FED_20200205c_3T2_PL2017,S, 15,1.320371
10,828_FED_20200205c_3T2_PL2017,N, 15,0.788966
10,831_FED_20200213b_3T2_PL2017,S, 2,0.325481
10,831_FED_20200213b_3T2_PL2017,N, 2,-0.175325
11,770_FED_20191120c_3T2_PL2017,S, 11,1.205023
11,770_FED_20191120c_3T2_PL2017,N, 11,1.610174
11,788_FED_20191120b_3T2_PL2017,S, 0,0.000000
11,788_FED_20191120b_3T2_PL2017,N, 0,0.000000
11,803_FED_20191120d_3T2_PL2017,S, 0,0.000000
11,803_FED_20191120d_3T2_PL2017,N, 0,0.000000
11,805_FED_20191204a_3T2_PL2017,S, 0,0.000000
11,805_FED_20191204a_3T2_PL2017,N, 0,0.000000
11,806_FED_20191204b_3T2_PL2017,S, 14,0.749832
11,806_FED_20191204b_3T2_PL2017,N, 14,0.950096
11,807_FED_20191204c_3T2_PL2017,S, 8,1.380338
11,807_FED_20191204c_3T2_PL2017,N, 8,1.627600
11,797_FED_20200205a_3T2_PL2017,S, 8,0.109135
11,797_FED_20200205a_3T2_PL2017,N, 8,0.200499
11,261_FED_20200205b_3T2_PL2017,S, 0,0.000000
11,261_FED_20200205b_3T2_PL2017,N, 0,0.000000
11,824_FED_20200130a_3T2_PL2017,S, 16,0.367009
11,824_FED_20200130a_3T2_PL2017,N, 16,0.501453
11,825_FED_20200130b_3T2_PL2017,S, 2,2.900191
11,825_FED_20200130b_3T2_PL2017,N, 2,3.299275
11,826_FED_20200130c_3T2_PL2017,S, 9,1.935783
11,826_FED_20200130c_3T2_PL2017,N, 9,1.695524
11,827_FED_20200130d_3T2_PL2017,S, 3,0.969608
11,827_FED_20200130d_3T2_PL2017,N, 3,1.289110
11,828_FED_20200205c_3T2_PL2017,S, 21,1.006202
11,828_FED_20200205c_3T2_PL2017,N, 21,1.058465
11,831_FED_20200213b_3T2_PL2017,S, 16,0.820794
11,831_FED_20200213b_3T2_PL2017,N, 16,0.962529
12,770_FED_20191120c_3T2_PL2017,S, 4,0.215996
12,770_FED_20191120c_3T2_PL2017,N, 4,-0.141534
12,788_FED_20191120b_3T2_PL2017,S, 7,-0.291017
12,788_FED_20191120b_3T2_PL2017,N, 7,-0.501526
12,803_FED_20191120d_3T2_PL2017,S, 0,0.000000
12,803_FED_20191120d_3T2_PL2017,N, 0,0.000000
12,805_FED_20191204a_3T2_PL2017,S, 7,0.672384
12,805_FED_20191204a_3T2_PL2017,N, 7,0.375271
12,806_FED_20191204b_3T2_PL2017,S, 10,-0.226573
12,806_FED_20191204b_3T2_PL2017,N, 10,-0.635514
12,807_FED_20191204c_3T2_PL2017,S, 4,0.562869
12,807_FED_20191204c_3T2_PL2017,N, 4,0.508489
12,797_FED_20200205a_3T2_PL2017,S, 11,0.007023
12,797_FED_20200205a_3T2_PL2017,N, 11,-0.123710
12,261_FED_20200205b_3T2_PL2017,S, 1,-0.001538
12,261_FED_20200205b_3T2_PL2017,N, 1,-0.294837
12,824_FED_20200130a_3T2_PL2017,S, 0,0.000000
12,824_FED_20200130a_3T2_PL2017,N, 0,0.000000
12,825_FED_20200130b_3T2_PL2017,S, 7,1.551632
12,825_FED_20200130b_3T2_PL2017,N, 7,1.368217
12,826_FED_20200130c_3T2_PL2017,S, 4,1.268159
12,826_FED_20200130c_3T2_PL2017,N, 4,1.499493
12,827_FED_20200130d_3T2_PL2017,S, 0,0.000000
12,827_FED_20200130d_3T2_PL2017,N, 0,0.000000
12,828_FED_20200205c_3T2_PL2017,S, 11,0.545146
12,828_FED_20200205c_3T2_PL2017,N, 11,0.412687
12,831_FED_20200213b_3T2_PL2017,S, 1,0.284268
12,831_FED_20200213b_3T2_PL2017,N, 1,-0.171382
13,770_FED_20191120c_3T2_PL2017,S, 2,-0.268702
13,770_FED_20191120c_3T2_PL2017,N, 2,-0.167331
13,788_FED_20191120b_3T2_PL2017,S, 2,1.963774
13,788_FED_20191120b_3T2_PL2017,N, 2,1.768161
13,803_FED_20191120d_3T2_PL2017,S, 9,-0.283887
13,803_FED_20191120d_3T2_PL2017,N, 9,-0.076002
13,805_FED_20191204a_3T2_PL2017,S, 5,0.265727
13,805_FED_20191204a_3T2_PL2017,N, 5,0.153413
13,806_FED_20191204b_3T2_PL2017,S, 0,0.000000
13,806_FED_20191204b_3T2_PL2017,N, 0,0.000000
13,807_FED_20191204c_3T2_PL2017,S, 10,1.505845
13,807_FED_20191204c_3T2_PL2017,N, 10,1.164678
13,797_FED_20200205a_3T2_PL2017,S, 8,0.180359
13,797_FED_20200205a_3T2_PL2017,N, 8,0.121638
13,261_FED_20200205b_3T2_PL2017,S, 0,0.000000
13,261_FED_20200205b_3T2_PL2017,N, 0,0.000000
13,824_FED_20200130a_3T2_PL2017,S, 3,0.119049
13,824_FED_20200130a_3T2_PL2017,N, 3,0.106662
13,825_FED_20200130b_3T2_PL2017,S, 2,6.617472
13,825_FED_20200130b_3T2_PL2017,N, 2,6.940019
13,826_FED_20200130c_3T2_PL2017,S, 9,0.421016
13,826_FED_20200130c_3T2_PL2017,N, 9,-0.381902
13,827_FED_20200130d_3T2_PL2017,S, 1,3.179689
13,827_FED_20200130d_3T2_PL2017,N, 1,3.779726
13,828_FED_20200205c_3T2_PL2017,S, 19,0.002771
13,828_FED_20200205c_3T2_PL2017,N, 19,-0.081873
13,831_FED_20200213b_3T2_PL2017,S, 1,-0.704643
13,831_FED_20200213b_3T2_PL2017,N, 1,-0.654292
14,770_FED_20191120c_3T2_PL2017,S, 4,-0.657859
14,770_FED_20191120c_3T2_PL2017,N, 4,-0.496784
14,788_FED_20191120b_3T2_PL2017,S, 11,0.671656
14,788_FED_20191120b_3T2_PL2017,N, 11,0.405580
14,803_FED_20191120d_3T2_PL2017,S, 2,1.043750
14,803_FED_20191120d_3T2_PL2017,N, 2,1.026207
14,805_FED_20191204a_3T2_PL2017,S, 4,0.200202
14,805_FED_20191204a_3T2_PL2017,N, 4,0.239760
14,806_FED_20191204b_3T2_PL2017,S, 1,2.634720
14,806_FED_20191204b_3T2_PL2017,N, 1,2.916253
14,807_FED_20191204c_3T2_PL2017,S, 4,-0.213975
14,807_FED_20191204c_3T2_PL2017,N, 4,-0.363549
14,797_FED_20200205a_3T2_PL2017,S, 2,0.232714
14,797_FED_20200205a_3T2_PL2017,N, 2,0.266506
14,261_FED_20200205b_3T2_PL2017,S, 10,-0.363146
14,261_FED_20200205b_3T2_PL2017,N, 10,-0.579587
14,824_FED_20200130a_3T2_PL2017,S, 4,0.198899
14,824_FED_20200130a_3T2_PL2017,N, 4,0.027489
14,825_FED_20200130b_3T2_PL2017,S, 1,0.373717
14,825_FED_20200130b_3T2_PL2017,N, 1,0.433083
14,826_FED_20200130c_3T2_PL2017,S, 4,0.346271
14,826_FED_20200130c_3T2_PL2017,N, 4,-0.047805
14,827_FED_20200130d_3T2_PL2017,S, 3,3.139293
14,827_FED_20200130d_3T2_PL2017,N, 3,3.387321
14,828_FED_20200205c_3T2_PL2017,S, 19,0.424956
14,828_FED_20200205c_3T2_PL2017,N, 19,0.298792
14,831_FED_20200213b_3T2_PL2017,S, 10,-0.314422
14,831_FED_20200213b_3T2_PL2017,N, 10,-0.424522
15,770_FED_20191120c_3T2_PL2017,S, 0,0.000000
15,770_FED_20191120c_3T2_PL2017,N, 0,0.000000
15,788_FED_20191120b_3T2_PL2017,S, 5,1.050716
15,788_FED_20191120b_3T2_PL2017,N, 5,-0.704568
15,803_FED_20191120d_3T2_PL2017,S, 7,3.453094
15,803_FED_20191120d_3T2_PL2017,N, 7,1.424381
15,805_FED_20191204a_3T2_PL2017,S, 0,0.000000
15,805_FED_20191204a_3T2_PL2017,N, 0,0.000000
15,806_FED_20191204b_3T2_PL2017,S, 6,1.679900
15,806_FED_20191204b_3T2_PL2017,N, 6,0.736191
15,807_FED_20191204c_3T2_PL2017,S, 3,0.432293
15,807_FED_20191204c_3T2_PL2017,N, 3,0.650895
15,797_FED_20200205a_3T2_PL2017,S, 4,0.647545
15,797_FED_20200205a_3T2_PL2017,N, 4,-0.111939
15,261_FED_20200205b_3T2_PL2017,S, 7,2.406164
15,261_FED_20200205b_3T2_PL2017,N, 7,1.311051
15,824_FED_20200130a_3T2_PL2017,S, 14,0.755640
15,824_FED_20200130a_3T2_PL2017,N, 14,0.299083
15,825_FED_20200130b_3T2_PL2017,S, 6,1.320034
15,825_FED_20200130b_3T2_PL2017,N, 6,1.756073
15,826_FED_20200130c_3T2_PL2017,S, 2,1.188660
15,826_FED_20200130c_3T2_PL2017,N, 2,1.197334
15,827_FED_20200130d_3T2_PL2017,S, 3,2.378510
15,827_FED_20200130d_3T2_PL2017,N, 3,1.759159
15,828_FED_20200205c_3T2_PL2017,S, 11,0.101187
15,828_FED_20200205c_3T2_PL2017,N, 11,0.132951
15,831_FED_20200213b_3T2_PL2017,S, 10,1.261413
15,831_FED_20200213b_3T2_PL2017,N, 10,1.605243
16,770_FED_20191120c_3T2_PL2017,S, 4,1.135685
16,770_FED_20191120c_3T2_PL2017,N, 4,-0.008028
16,788_FED_20191120b_3T2_PL2017,S, 5,0.685197
16,788_FED_20191120b_3T2_PL2017,N, 5,1.039726
16,803_FED_20191120d_3T2_PL2017,S, 1,-0.287062
16,803_FED_20191120d_3T2_PL2017,N, 1,-0.227520
16,805_FED_20191204a_3T2_PL2017,S, 1,1.824048
16,805_FED_20191204a_3T2_PL2017,N, 1,1.541348
16,806_FED_20191204b_3T2_PL2017,S, 2,-0.128466
16,806_FED_20191204b_3T2_PL2017,N, 2,-1.158237
16,807_FED_20191204c_3T2_PL2017,S, 4,1.099526
16,807_FED_20191204c_3T2_PL2017,N, 4,0.819932
16,797_FED_20200205a_3T2_PL2017,S, 7,0.015007
16,797_FED_20200205a_3T2_PL2017,N, 7,-0.455360
16,261_FED_20200205b_3T2_PL2017,S, 4,1.385030
16,261_FED_20200205b_3T2_PL2017,N, 4,0.659610
16,824_FED_20200130a_3T2_PL2017,S, 7,0.447119
16,824_FED_20200130a_3T2_PL2017,N, 7,0.414023
16,825_FED_20200130b_3T2_PL2017,S, 4,1.993829
16,825_FED_20200130b_3T2_PL2017,N, 4,1.816796
16,826_FED_20200130c_3T2_PL2017,S, 7,2.874284
16,826_FED_20200130c_3T2_PL2017,N, 7,1.920075
16,827_FED_20200130d_3T2_PL2017,S, 4,2.044026
16,827_FED_20200130d_3T2_PL2017,N, 4,0.727843
16,828_FED_20200205c_3T2_PL2017,S, 7,-0.991440
16,828_FED_20200205c_3T2_PL2017,N, 7,-0.874440
16,831_FED_20200213b_3T2_PL2017,S, 2,0.097398
16,831_FED_20200213b_3T2_PL2017,N, 2,-1.531412
17,770_FED_20191120c_3T2_PL2017,S, 0,0.000000
17,770_FED_20191120c_3T2_PL2017,N, 0,0.000000
17,788_FED_20191120b_3T2_PL2017,S, 14,0.249480
17,788_FED_20191120b_3T2_PL2017,N, 14,-0.146127
17,803_FED_20191120d_3T2_PL2017,S, 11,0.201148
17,803_FED_20191120d_3T2_PL2017,N, 11,0.123155
17,805_FED_20191204a_3T2_PL2017,S, 0,0.000000
17,805_FED_20191204a_3T2_PL2017,N, 0,0.000000
17,806_FED_20191204b_3T2_PL2017,S, 0,0.000000
17,806_FED_20191204b_3T2_PL2017,N, 0,0.000000
17,807_FED_20191204c_3T2_PL2017,S, 4,0.716561
17,807_FED_20191204c_3T2_PL2017,N, 4,1.148769
17,797_FED_20200205a_3T2_PL2017,S, 4,0.350397
17,797_FED_20200205a_3T2_PL2017,N, 4,0.418278
17,261_FED_20200205b_3T2_PL2017,S, 0,0.000000
17,261_FED_20200205b_3T2_PL2017,N, 0,0.000000
17,824_FED_20200130a_3T2_PL2017,S, 9,2.523098
17,824_FED_20200130a_3T2_PL2017,N, 9,2.424164
17,825_FED_20200130b_3T2_PL2017,S, 6,4.163958
17,825_FED_20200130b_3T2_PL2017,N, 6,4.570618
17,826_FED_20200130c_3T2_PL2017,S, 4,3.674743
17,826_FED_20200130c_3T2_PL2017,N, 4,3.796227
17,827_FED_20200130d_3T2_PL2017,S, 0,0.000000
17,827_FED_20200130d_3T2_PL2017,N, 0,0.000000
17,828_FED_20200205c_3T2_PL2017,S, 22,0.688883
17,828_FED_20200205c_3T2_PL2017,N, 22,0.582671
17,831_FED_20200213b_3T2_PL2017,S, 2,-0.763346
17,831_FED_20200213b_3T2_PL2017,N, 2,-0.677067
18,770_FED_20191120c_3T2_PL2017,S, 3,0.229848
18,770_FED_20191120c_3T2_PL2017,N, 3,0.318591
18,788_FED_20191120b_3T2_PL2017,S, 2,0.293440
18,788_FED_20191120b_3T2_PL2017,N, 2,0.266668
18,803_FED_20191120d_3T2_PL2017,S, 0,0.000000
18,803_FED_20191120d_3T2_PL2017,N, 0,0.000000
18,805_FED_20191204a_3T2_PL2017,S, 8,0.553872
18,805_FED_20191204a_3T2_PL2017,N, 8,0.358474
18,806_FED_20191204b_3T2_PL2017,S, 9,0.027701
18,806_FED_20191204b_3T2_PL2017,N, 9,-0.150029
18,807_FED_20191204c_3T2_PL2017,S, 0,0.000000
18,807_FED_20191204c_3T2_PL2017,N, 0,0.000000
18,797_FED_20200205a_3T2_PL2017,S, 3,0.062951
18,797_FED_20200205a_3T2_PL2017,N, 3,-0.041382
18,261_FED_20200205b_3T2_PL2017,S, 12,0.908486
18,261_FED_20200205b_3T2_PL2017,N, 12,-0.176178
18,824_FED_20200130a_3T2_PL2017,S, 6,0.158783
18,824_FED_20200130a_3T2_PL2017,N, 6,0.418971
18,825_FED_20200130b_3T2_PL2017,S, 7,0.182835
18,825_FED_20200130b_3T2_PL2017,N, 7,0.161562
18,826_FED_20200130c_3T2_PL2017,S, 6,2.624941
18,826_FED_20200130c_3T2_PL2017,N, 6,2.082148
18,827_FED_20200130d_3T2_PL2017,S, 1,0.245946
18,827_FED_20200130d_3T2_PL2017,N, 1,0.003845
18,828_FED_20200205c_3T2_PL2017,S, 13,0.377106
18,828_FED_20200205c_3T2_PL2017,N, 13,0.364765
18,831_FED_20200213b_3T2_PL2017,S, 5,0.175284
18,831_FED_20200213b_3T2_PL2017,N, 5,-0.110479
19,770_FED_20191120c_3T2_PL2017,S, 1,3.358387
19,770_FED_20191120c_3T2_PL2017,N, 1,1.903329
19,788_FED_20191120b_3T2_PL2017,S, 3,1.870551
19,788_FED_20191120b_3T2_PL2017,N, 3,-1.083611
19,803_FED_20191120d_3T2_PL2017,S, 1,1.119995
19,803_FED_20191120d_3T2_PL2017,N, 1,0.298418
19,805_FED_20191204a_3T2_PL2017,S, 7,0.954926
19,805_FED_20191204a_3T2_PL2017,N, 7,-0.011474
19,806_FED_20191204b_3T2_PL2017,S, 1,3.703625
19,806_FED_20191204b_3T2_PL2017,N, 1,2.486195
19,807_FED_20191204c_3T2_PL2017,S, 0,0.000000
19,807_FED_20191204c_3T2_PL2017,N, 0,0.000000
19,797_FED_20200205a_3T2_PL2017,S, 1,-0.178624
19,797_FED_20200205a_3T2_PL2017,N, 1,0.133245
19,261_FED_20200205b_3T2_PL2017,S, 0,0.000000
19,261_FED_20200205b_3T2_PL2017,N, 0,0.000000
19,824_FED_20200130a_3T2_PL2017,S, 0,0.000000
19,824_FED_20200130a_3T2_PL2017,N, 0,0.000000
19,825_FED_20200130b_3T2_PL2017,S, 2,-0.083365
19,825_FED_20200130b_3T2_PL2017,N, 2,0.592572
19,826_FED_20200130c_3T2_PL2017,S, 2,3.827560
19,826_FED_20200130c_3T2_PL2017,N, 2,2.939968
19,827_FED_20200130d_3T2_PL2017,S, 4,-0.185705
19,827_FED_20200130d_3T2_PL2017,N, 4,0.416773
19,828_FED_20200205c_3T2_PL2017,S, 3,0.787342
19,828_FED_20200205c_3T2_PL2017,N, 3,0.730321
19,831_FED_20200213b_3T2_PL2017,S, 7,1.244311
19,831_FED_20200213b_3T2_PL2017,N, 7,0.254663
20,770_FED_20191120c_3T2_PL2017,S, 0,0.000000
20,770_FED_20191120c_3T2_PL2017,N, 0,0.000000
20,788_FED_20191120b_3T2_PL2017,S, 3,-0.389643
20,788_FED_20191120b_3T2_PL2017,N, 3,-0.953115
20,803_FED_20191120d_3T2_PL2017,S, 5,0.215813
20,803_FED_20191120d_3T2_PL2017,N, 5,0.345290
20,805_FED_20191204a_3T2_PL2017,S, 4,0.092382
20,805_FED_20191204a_3T2_PL2017,N, 4,0.892124
20,806_FED_20191204b_3T2_PL2017,S, 1,-0.413322
20,806_FED_20191204b_3T2_PL2017,N, 1,0.338905
20,807_FED_20191204c_3T2_PL2017,S, 0,0.000000
20,807_FED_20191204c_3T2_PL2017,N, 0,0.000000
20,797_FED_20200205a_3T2_PL2017,S, 2,0.351503
20,797_FED_20200205a_3T2_PL2017,N, 2,0.129743
20,261_FED_20200205b_3T2_PL2017,S, 0,0.000000
20,261_FED_20200205b_3T2_PL2017,N, 0,0.000000
20,824_FED_20200130a_3T2_PL2017,S, 3,2.225791
20,824_FED_20200130a_3T2_PL2017,N, 3,1.661854
20,825_FED_20200130b_3T2_PL2017,S, 4,0.077926
20,825_FED_20200130b_3T2_PL2017,N, 4,0.286907
20,826_FED_20200130c_3T2_PL2017,S, 1,2.528441
20,826_FED_20200130c_3T2_PL2017,N, 1,1.785198
20,827_FED_20200130d_3T2_PL2017,S, 4,-0.804778
20,827_FED_20200130d_3T2_PL2017,N, 4,-1.000573
20,828_FED_20200205c_3T2_PL2017,S, 0,0.000000
20,828_FED_20200205c_3T2_PL2017,N, 0,0.000000
20,831_FED_20200213b_3T2_PL2017,S, 1,0.253644
20,831_FED_20200213b_3T2_PL2017,N, 1,0.167644
21,770_FED_20191120c_3T2_PL2017,S, 0,0.000000
21,770_FED_20191120c_3T2_PL2017,N, 0,0.000000
21,788_FED_20191120b_3T2_PL2017,S, 0,0.000000
21,788_FED_20191120b_3T2_PL2017,N, 0,0.000000
21,803_FED_20191120d_3T2_PL2017,S, 0,0.000000
21,803_FED_20191120d_3T2_PL2017,N, 0,0.000000
21,805_FED_20191204a_3T2_PL2017,S, 0,0.000000
21,805_FED_20191204a_3T2_PL2017,N, 0,0.000000
21,806_FED_20191204b_3T2_PL2017,S, 0,0.000000
21,806_FED_20191204b_3T2_PL2017,N, 0,0.000000
21,807_FED_20191204c_3T2_PL2017,S, 0,0.000000
21,807_FED_20191204c_3T2_PL2017,N, 0,0.000000
21,797_FED_20200205a_3T2_PL2017,S, 1,0.081400
21,797_FED_20200205a_3T2_PL2017,N, 1,0.144590
21,261_FED_20200205b_3T2_PL2017,S, 0,0.000000
21,261_FED_20200205b_3T2_PL2017,N, 0,0.000000
21,824_FED_20200130a_3T2_PL2017,S, 3,0.979443
21,824_FED_20200130a_3T2_PL2017,N, 3,1.169308
21,825_FED_20200130b_3T2_PL2017,S, 1,2.200554
21,825_FED_20200130b_3T2_PL2017,N, 1,2.763577
21,826_FED_20200130c_3T2_PL2017,S, 0,0.000000
21,826_FED_20200130c_3T2_PL2017,N, 0,0.000000
21,827_FED_20200130d_3T2_PL2017,S, 0,0.000000
21,827_FED_20200130d_3T2_PL2017,N, 0,0.000000
21,828_FED_20200205c_3T2_PL2017,S, 6,1.668262
21,828_FED_20200205c_3T2_PL2017,N, 6,1.603452
21,831_FED_20200213b_3T2_PL2017,S, 1,0.956917
21,831_FED_20200213b_3T2_PL2017,N, 1,0.902766
22,770_FED_20191120c_3T2_PL2017,S, 0,0.000000
22,770_FED_20191120c_3T2_PL2017,N, 0,0.000000
22,788_FED_20191120b_3T2_PL2017,S, 3,0.033984
22,788_FED_20191120b_3T2_PL2017,N, 3,-2.520978
22,803_FED_20191120d_3T2_PL2017,S, 1,2.097801
22,803_FED_20191120d_3T2_PL2017,N, 1,0.611630
22,805_FED_20191204a_3T2_PL2017,S, 0,0.000000
22,805_FED_20191204a_3T2_PL2017,N, 0,0.000000
22,806_FED_20191204b_3T2_PL2017,S, 5,-0.401531
22,806_FED_20191204b_3T2_PL2017,N, 5,0.077332
22,807_FED_20191204c_3T2_PL2017,S, 2,-0.021758
22,807_FED_20191204c_3T2_PL2017,N, 2,0.549991
22,797_FED_20200205a_3T2_PL2017,S, 3,0.266086
22,797_FED_20200205a_3T2_PL2017,N, 3,0.075874
22,261_FED_20200205b_3T2_PL2017,S, 3,0.782522
22,261_FED_20200205b_3T2_PL2017,N, 3,-1.368261
22,824_FED_20200130a_3T2_PL2017,S, 0,0.000000
22,824_FED_20200130a_3T2_PL2017,N, 0,0.000000
22,825_FED_20200130b_3T2_PL2017,S, 3,-0.051037
22,825_FED_20200130b_3T2_PL2017,N, 3,0.140170
22,826_FED_20200130c_3T2_PL2017,S, 1,4.974844
22,826_FED_20200130c_3T2_PL2017,N, 1,4.869939
22,827_FED_20200130d_3T2_PL2017,S, 0,0.000000
22,827_FED_20200130d_3T2_PL2017,N, 0,0.000000
22,828_FED_20200205c_3T2_PL2017,S, 0,0.000000
22,828_FED_20200205c_3T2_PL2017,N, 0,0.000000
22,831_FED_20200213b_3T2_PL2017,S, 2,0.174860
22,831_FED_20200213b_3T2_PL2017,N, 2,-0.293579
23,770_FED_20191120c_3T2_PL2017,S, 0,0.000000
23,770_FED_20191120c_3T2_PL2017,N, 0,0.000000
23,788_FED_20191120b_3T2_PL2017,S, 0,0.000000
23,788_FED_20191120b_3T2_PL2017,N, 0,0.000000
23,803_FED_20191120d_3T2_PL2017,S, 2,2.140183
23,803_FED_20191120d_3T2_PL2017,N, 2,0.480727
23,805_FED_20191204a_3T2_PL2017,S, 1,0.721630
23,805_FED_20191204a_3T2_PL2017,N, 1,0.393651
23,806_FED_20191204b_3T2_PL2017,S, 2,0.339288
23,806_FED_20191204b_3T2_PL2017,N, 2,0.031926
23,807_FED_20191204c_3T2_PL2017,S, 0,0.000000
23,807_FED_20191204c_3T2_PL2017,N, 0,0.000000
23,797_FED_20200205a_3T2_PL2017,S, 0,0.000000
23,797_FED_20200205a_3T2_PL2017,N, 0,0.000000
23,261_FED_20200205b_3T2_PL2017,S, 0,0.000000
23,261_FED_20200205b_3T2_PL2017,N, 0,0.000000
23,824_FED_20200130a_3T2_PL2017,S, 2,0.163995
23,824_FED_20200130a_3T2_PL2017,N, 2,-0.118038
23,825_FED_20200130b_3T2_PL2017,S, 3,0.306138
23,825_FED_20200130b_3T2_PL2017,N, 3,0.268911
23,826_FED_20200130c_3T2_PL2017,S, 0,0.000000
23,826_FED_20200130c_3T2_PL2017,N, 0,0.000000
23,827_FED_20200130d_3T2_PL2017,S, 1,0.862288
23,827_FED_20200130d_3T2_PL2017,N, 1,-0.002474
23,828_FED_20200205c_3T2_PL2017,S, 3,0.615580
23,828_FED_20200205c_3T2_PL2017,N, 3,0.024874
23,831_FED_20200213b_3T2_PL2017,S, 2,0.211050
23,831_FED_20200213b_3T2_PL2017,N, 2,-0.921359
24,770_FED_20191120c_3T2_PL2017,S, 0,0.000000
24,770_FED_20191120c_3T2_PL2017,N, 0,0.000000
24,788_FED_20191120b_3T2_PL2017,S, 1,0.455482
24,788_FED_20191120b_3T2_PL2017,N, 1,0.263842
24,803_FED_20191120d_3T2_PL2017,S, 0,0.000000
24,803_FED_20191120d_3T2_PL2017,N, 0,0.000000
24,805_FED_20191204a_3T2_PL2017,S, 0,0.000000
24,805_FED_20191204a_3T2_PL2017,N, 0,0.000000
24,806_FED_20191204b_3T2_PL2017,S, 1,0.323038
24,806_FED_20191204b_3T2_PL2017,N, 1,0.355049
24,807_FED_20191204c_3T2_PL2017,S, 2,0.375994
24,807_FED_20191204c_3T2_PL2017,N, 2,0.280743
24,797_FED_20200205a_3T2_PL2017,S, 2,-0.060485
24,797_FED_20200205a_3T2_PL2017,N, 2,-0.111993
24,261_FED_20200205b_3T2_PL2017,S, 0,0.000000
24,261_FED_20200205b_3T2_PL2017,N, 0,0.000000
24,824_FED_20200130a_3T2_PL2017,S, 0,0.000000
24,824_FED_20200130a_3T2_PL2017,N, 0,0.000000
24,825_FED_20200130b_3T2_PL2017,S, 1,0.099611
24,825_FED_20200130b_3T2_PL2017,N, 1,-0.014699
24,826_FED_20200130c_3T2_PL2017,S, 2,1.233393
24,826_FED_20200130c_3T2_PL2017,N, 2,1.271963
24,827_FED_20200130d_3T2_PL2017,S, 1,1.333147
24,827_FED_20200130d_3T2_PL2017,N, 1,0.863292
24,828_FED_20200205c_3T2_PL2017,S, 1,0.312884
24,828_FED_20200205c_3T2_PL2017,N, 1,0.321808
24,831_FED_20200213b_3T2_PL2017,S, 1,0.062098
24,831_FED_20200213b_3T2_PL2017,N, 1,-0.108613
25,770_FED_20191120c_3T2_PL2017,S, 6,0.333892
25,770_FED_20191120c_3T2_PL2017,N, 6,-0.184245
25,788_FED_20191120b_3T2_PL2017,S, 6,-0.108538
25,788_FED_20191120b_3T2_PL2017,N, 6,-0.468170
25,803_FED_20191120d_3T2_PL2017,S, 6,-0.156618
25,803_FED_20191120d_3T2_PL2017,N, 6,0.049283
25,805_FED_20191204a_3T2_PL2017,S, 1,0.346851
25,805_FED_20191204a_3T2_PL2017,N, 1,0.615600
25,806_FED_20191204b_3T2_PL2017,S, 1,-0.423662
25,806_FED_20191204b_3T2_PL2017,N, 1,-0.627337
25,807_FED_20191204c_3T2_PL2017,S, 1,4.248806
25,807_FED_20191204c_3T2_PL2017,N, 1,2.447497
25,797_FED_20200205a_3T2_PL2017,S, 2,-0.103054
25,797_FED_20200205a_3T2_PL2017,N, 2,-0.216072
25,261_FED_20200205b_3T2_PL2017,S, 0,0.000000
25,261_FED_20200205b_3T2_PL2017,N, 0,0.000000
25,824_FED_20200130a_3T2_PL2017,S, 0,0.000000
25,824_FED_20200130a_3T2_PL2017,N, 0,0.000000
25,825_FED_20200130b_3T2_PL2017,S, 2,0.470096
25,825_FED_20200130b_3T2_PL2017,N, 2,0.608807
25,826_FED_20200130c_3T2_PL2017,S, 2,3.931313
25,826_FED_20200130c_3T2_PL2017,N, 2,3.162313
25,827_FED_20200130d_3T2_PL2017,S, 4,0.878487
25,827_FED_20200130d_3T2_PL2017,N, 4,0.847092
25,828_FED_20200205c_3T2_PL2017,S, 2,0.054848
25,828_FED_20200205c_3T2_PL2017,N, 2,-0.208750
25,831_FED_20200213b_3T2_PL2017,S, 4,-0.003639
25,831_FED_20200213b_3T2_PL2017,N, 4,-1.714452
26,770_FED_20191120c_3T2_PL2017,S, 1,0.229309
26,770_FED_20191120c_3T2_PL2017,N, 1,0.369960
26,788_FED_20191120b_3T2_PL2017,S, 0,0.000000
26,788_FED_20191120b_3T2_PL2017,N, 0,0.000000
26,803_FED_20191120d_3T2_PL2017,S, 1,-0.107595
26,803_FED_20191120d_3T2_PL2017,N, 1,-0.041987
26,805_FED_20191204a_3T2_PL2017,S, 0,0.000000
26,805_FED_20191204a_3T2_PL2017,N, 0,0.000000
26,806_FED_20191204b_3T2_PL2017,S, 2,-0.248675
26,806_FED_20191204b_3T2_PL2017,N, 2,-0.070738
26,807_FED_20191204c_3T2_PL2017,S, 2,0.369160
26,807_FED_20191204c_3T2_PL2017,N, 2,0.483448
26,797_FED_20200205a_3T2_PL2017,S, 2,-0.091601
26,797_FED_20200205a_3T2_PL2017,N, 2,-0.068893
26,261_FED_20200205b_3T2_PL2017,S, 0,0.000000
26,261_FED_20200205b_3T2_PL2017,N, 0,0.000000
26,824_FED_20200130a_3T2_PL2017,S, 2,-0.899865
26,824_FED_20200130a_3T2_PL2017,N, 2,-0.776807
26,825_FED_20200130b_3T2_PL2017,S, 0,0.000000
26,825_FED_20200130b_3T2_PL2017,N, 0,0.000000
26,826_FED_20200130c_3T2_PL2017,S, 2,0.381184
26,826_FED_20200130c_3T2_PL2017,N, 2,1.535634
26,827_FED_20200130d_3T2_PL2017,S, 2,-0.293815
26,827_FED_20200130d_3T2_PL2017,N, 2,0.195118
26,828_FED_20200205c_3T2_PL2017,S, 1,0.082824
26,828_FED_20200205c_3T2_PL2017,N, 1,0.117236
26,831_FED_20200213b_3T2_PL2017,S, 2,-0.152352
26,831_FED_20200213b_3T2_PL2017,N, 2,-0.302225
27,770_FED_20191120c_3T2_PL2017,S, 0,0.000000
27,770_FED_20191120c_3T2_PL2017,N, 0,0.000000
27,788_FED_20191120b_3T2_PL2017,S, 0,0.000000
27,788_FED_20191120b_3T2_PL2017,N, 0,0.000000
27,803_FED_20191120d_3T2_PL2017,S, 2,5.571390
27,803_FED_20191120d_3T2_PL2017,N, 2,5.654641
27,805_FED_20191204a_3T2_PL2017,S, 0,0.000000
27,805_FED_20191204a_3T2_PL2017,N, 0,0.000000
27,806_FED_20191204b_3T2_PL2017,S, 1,4.274259
27,806_FED_20191204b_3T2_PL2017,N, 1,4.849853
27,807_FED_20191204c_3T2_PL2017,S, 0,0.000000
27,807_FED_20191204c_3T2_PL2017,N, 0,0.000000
27,797_FED_20200205a_3T2_PL2017,S, 2,0.461507
27,797_FED_20200205a_3T2_PL2017,N, 2,0.627202
27,261_FED_20200205b_3T2_PL2017,S, 0,0.000000
27,261_FED_20200205b_3T2_PL2017,N, 0,0.000000
27,824_FED_20200130a_3T2_PL2017,S, 0,0.000000
27,824_FED_20200130a_3T2_PL2017,N, 0,0.000000
27,825_FED_20200130b_3T2_PL2017,S, 0,0.000000
27,825_FED_20200130b_3T2_PL2017,N, 0,0.000000
27,826_FED_20200130c_3T2_PL2017,S, 1,3.611751
27,826_FED_20200130c_3T2_PL2017,N, 1,3.648224
27,827_FED_20200130d_3T2_PL2017,S, 0,0.000000
27,827_FED_20200130d_3T2_PL2017,N, 0,0.000000
27,828_FED_20200205c_3T2_PL2017,S, 2,2.770551
27,828_FED_20200205c_3T2_PL2017,N, 2,3.000033
27,831_FED_20200213b_3T2_PL2017,S, 0,0.000000
27,831_FED_20200213b_3T2_PL2017,N, 0,0.000000
28,770_FED_20191120c_3T2_PL2017,S, 0,0.000000
28,770_FED_20191120c_3T2_PL2017,N, 0,0.000000
28,788_FED_20191120b_3T2_PL2017,S, 1,-0.456473
28,788_FED_20191120b_3T2_PL2017,N, 1,-0.345412
28,803_FED_20191120d_3T2_PL2017,S, 1,-0.224441
28,803_FED_20191120d_3T2_PL2017,N, 1,-0.187855
28,805_FED_20191204a_3T2_PL2017,S, 0,0.000000
28,805_FED_20191204a_3T2_PL2017,N, 0,0.000000
28,806_FED_20191204b_3T2_PL2017,S, 0,0.000000
28,806_FED_20191204b_3T2_PL2017,N, 0,0.000000
28,807_FED_20191204c_3T2_PL2017,S, 0,0.000000
28,807_FED_20191204c_3T2_PL2017,N, 0,0.000000
28,797_FED_20200205a_3T2_PL2017,S, 1,-0.200538
28,797_FED_20200205a_3T2_PL2017,N, 1,0.023237
28,261_FED_20200205b_3T2_PL2017,S, 1,-0.312218
28,261_FED_20200205b_3T2_PL2017,N, 1,-0.550078
28,824_FED_20200130a_3T2_PL2017,S, 1,0.595538
28,824_FED_20200130a_3T2_PL2017,N, 1,0.732876
28,825_FED_20200130b_3T2_PL2017,S, 2,-0.441634
28,825_FED_20200130b_3T2_PL2017,N, 2,-0.437917
28,826_FED_20200130c_3T2_PL2017,S, 0,0.000000
28,826_FED_20200130c_3T2_PL2017,N, 0,0.000000
28,827_FED_20200130d_3T2_PL2017,S, 0,0.000000
28,827_FED_20200130d_3T2_PL2017,N, 0,0.000000
28,828_FED_20200205c_3T2_PL2017,S, 1,-0.346913
28,828_FED_20200205c_3T2_PL2017,N, 1,-0.054155
28,831_FED_20200213b_3T2_PL2017,S, 1,-0.821067
28,831_FED_20200213b_3T2_PL2017,N, 1,-0.962363
29,770_FED_20191120c_3T2_PL2017,S, 2,0.205288
29,770_FED_20191120c_3T2_PL2017,N, 2,0.147038
29,788_FED_20191120b_3T2_PL2017,S, 2,1.013965
29,788_FED_20191120b_3T2_PL2017,N, 2,-0.623438
29,803_FED_20191120d_3T2_PL2017,S, 0,0.000000
29,803_FED_20191120d_3T2_PL2017,N, 0,0.000000
29,805_FED_20191204a_3T2_PL2017,S, 1,0.038251
29,805_FED_20191204a_3T2_PL2017,N, 1,0.106926
29,806_FED_20191204b_3T2_PL2017,S, 1,0.282531
29,806_FED_20191204b_3T2_PL2017,N, 1,0.348873
29,807_FED_20191204c_3T2_PL2017,S, 1,0.488582
29,807_FED_20191204c_3T2_PL2017,N, 1,0.134577
29,797_FED_20200205a_3T2_PL2017,S, 0,0.000000
29,797_FED_20200205a_3T2_PL2017,N, 0,0.000000
29,261_FED_20200205b_3T2_PL2017,S, 0,0.000000
29,261_FED_20200205b_3T2_PL2017,N, 0,0.000000
29,824_FED_20200130a_3T2_PL2017,S, 0,0.000000
29,824_FED_20200130a_3T2_PL2017,N, 0,0.000000
29,825_FED_20200130b_3T2_PL2017,S, 0,0.000000
29,825_FED_20200130b_3T2_PL2017,N, 0,0.000000
29,826_FED_20200130c_3T2_PL2017,S, 3,0.954088
29,826_FED_20200130c_3T2_PL2017,N, 3,-0.072760
29,827_FED_20200130d_3T2_PL2017,S, 0,0.000000
29,827_FED_20200130d_3T2_PL2017,N, 0,0.000000
29,828_FED_20200205c_3T2_PL2017,S, 1,0.161720
29,828_FED_20200205c_3T2_PL2017,N, 1,0.089546
29,831_FED_20200213b_3T2_PL2017,S, 1,-0.139203
29,831_FED_20200213b_3T2_PL2017,N, 1,-0.153437
30,770_FED_20191120c_3T2_PL2017,S, 1,-1.173617
30,770_FED_20191120c_3T2_PL2017,N, 1,0.015040
30,788_FED_20191120b_3T2_PL2017,S, 1,0.247729
30,788_FED_20191120b_3T2_PL2017,N, 1,0.141431
30,803_FED_20191120d_3T2_PL2017,S, 2,0.038570
30,803_FED_20191120d_3T2_PL2017,N, 2,0.036181
30,805_FED_20191204a_3T2_PL2017,S, 2,0.314837
30,805_FED_20191204a_3T2_PL2017,N, 2,0.563212
30,806_FED_20191204b_3T2_PL2017,S, 1,0.000000
30,806_FED_20191204b_3T2_PL2017,N, 1,0.000000
30,807_FED_20191204c_3T2_PL2017,S, 3,-0.183309
30,807_FED_20191204c_3T2_PL2017,N, 3,0.367744
30,797_FED_20200205a_3T2_PL2017,S, 0,0.000000
30,797_FED_20200205a_3T2_PL2017,N, 0,0.000000
30,261_FED_20200205b_3T2_PL2017,S, 1,0.514257
30,261_FED_20200205b_3T2_PL2017,N, 1,0.517345
30,824_FED_20200130a_3T2_PL2017,S, 0,0.000000
30,824_FED_20200130a_3T2_PL2017,N, 0,0.000000
30,825_FED_20200130b_3T2_PL2017,S, 2,0.726630
30,825_FED_20200130b_3T2_PL2017,N, 2,0.463484
30,826_FED_20200130c_3T2_PL2017,S, 1,1.457584
30,826_FED_20200130c_3T2_PL2017,N, 1,1.489199
30,827_FED_20200130d_3T2_PL2017,S, 1,0.880751
30,827_FED_20200130d_3T2_PL2017,N, 1,1.121174
30,828_FED_20200205c_3T2_PL2017,S, 3,1.032048
30,828_FED_20200205c_3T2_PL2017,N, 3,0.995119
30,831_FED_20200213b_3T2_PL2017,S, 1,0.646255
30,831_FED_20200213b_3T2_PL2017,N, 1,0.183978
31,770_FED_20191120c_3T2_PL2017,S, 1,0.555085
31,770_FED_20191120c_3T2_PL2017,N, 1,0.146535
31,788_FED_20191120b_3T2_PL2017,S, 2,-0.171187
31,788_FED_20191120b_3T2_PL2017,N, 2,-0.565995
31,803_FED_20191120d_3T2_PL2017,S, 0,0.000000
31,803_FED_20191120d_3T2_PL2017,N, 0,0.000000
31,805_FED_20191204a_3T2_PL2017,S, 6,0.918952
31,805_FED_20191204a_3T2_PL2017,N, 6,-0.060303
31,806_FED_20191204b_3T2_PL2017,S, 0,0.000000
31,806_FED_20191204b_3T2_PL2017,N, 0,0.000000
31,807_FED_20191204c_3T2_PL2017,S, 0,0.000000
31,807_FED_20191204c_3T2_PL2017,N, 0,0.000000
31,797_FED_20200205a_3T2_PL2017,S, 5,0.029906
31,797_FED_20200205a_3T2_PL2017,N, 5,-0.126914
31,261_FED_20200205b_3T2_PL2017,S, 2,0.252581
31,261_FED_20200205b_3T2_PL2017,N, 2,-0.113562
31,824_FED_20200130a_3T2_PL2017,S, 3,0.069044
31,824_FED_20200130a_3T2_PL2017,N, 3,-0.137024
31,825_FED_20200130b_3T2_PL2017,S, 9,0.353163
31,825_FED_20200130b_3T2_PL2017,N, 9,-0.141895
31,826_FED_20200130c_3T2_PL2017,S, 5,2.145355
31,826_FED_20200130c_3T2_PL2017,N, 5,2.417234
31,827_FED_20200130d_3T2_PL2017,S, 0,0.000000
31,827_FED_20200130d_3T2_PL2017,N, 0,0.000000
31,828_FED_20200205c_3T2_PL2017,S, 2,0.105365
31,828_FED_20200205c_3T2_PL2017,N, 2,0.336329
31,831_FED_20200213b_3T2_PL2017,S, 8,0.555449
31,831_FED_20200213b_3T2_PL2017,N, 8,-0.198105
32,770_FED_20191120c_3T2_PL2017,S, 0,0.000000
32,770_FED_20191120c_3T2_PL2017,N, 0,0.000000
32,788_FED_20191120b_3T2_PL2017,S, 0,0.000000
32,788_FED_20191120b_3T2_PL2017,N, 0,0.000000
32,803_FED_20191120d_3T2_PL2017,S, 0,0.000000
32,803_FED_20191120d_3T2_PL2017,N, 0,0.000000
32,805_FED_20191204a_3T2_PL2017,S, 0,0.000000
32,805_FED_20191204a_3T2_PL2017,N, 0,0.000000
32,806_FED_20191204b_3T2_PL2017,S, 1,-0.206992
32,806_FED_20191204b_3T2_PL2017,N, 1,-0.662149
32,807_FED_20191204c_3T2_PL2017,S, 0,0.000000
32,807_FED_20191204c_3T2_PL2017,N, 0,0.000000
32,797_FED_20200205a_3T2_PL2017,S, 0,0.000000
32,797_FED_20200205a_3T2_PL2017,N, 0,0.000000
32,261_FED_20200205b_3T2_PL2017,S, 0,0.000000
32,261_FED_20200205b_3T2_PL2017,N, 0,0.000000
32,824_FED_20200130a_3T2_PL2017,S, 0,0.000000
32,824_FED_20200130a_3T2_PL2017,N, 0,0.000000
32,825_FED_20200130b_3T2_PL2017,S, 3,0.084020
32,825_FED_20200130b_3T2_PL2017,N, 3,0.257894
32,826_FED_20200130c_3T2_PL2017,S, 0,0.000000
32,826_FED_20200130c_3T2_PL2017,N, 0,0.000000
32,827_FED_20200130d_3T2_PL2017,S, 0,0.000000
32,827_FED_20200130d_3T2_PL2017,N, 0,0.000000
32,828_FED_20200205c_3T2_PL2017,S, 2,1.834379
32,828_FED_20200205c_3T2_PL2017,N, 2,1.588851
32,831_FED_20200213b_3T2_PL2017,S, 2,-0.087363
32,831_FED_20200213b_3T2_PL2017,N, 2,-0.077523
33,770_FED_20191120c_3T2_PL2017,S, 0,0.000000
33,770_FED_20191120c_3T2_PL2017,N, 0,0.000000
33,788_FED_20191120b_3T2_PL2017,S, 0,0.000000
33,788_FED_20191120b_3T2_PL2017,N, 0,0.000000
33,803_FED_20191120d_3T2_PL2017,S, 0,0.000000
33,803_FED_20191120d_3T2_PL2017,N, 0,0.000000
33,805_FED_20191204a_3T2_PL2017,S, 0,0.000000
33,805_FED_20191204a_3T2_PL2017,N, 0,0.000000
33,806_FED_20191204b_3T2_PL2017,S, 0,0.000000
33,806_FED_20191204b_3T2_PL2017,N, 0,0.000000
33,807_FED_20191204c_3T2_PL2017,S, 1,1.448388
33,807_FED_20191204c_3T2_PL2017,N, 1,1.575262
33,797_FED_20200205a_3T2_PL2017,S, 0,0.000000
33,797_FED_20200205a_3T2_PL2017,N, 0,0.000000
33,261_FED_20200205b_3T2_PL2017,S, 1,3.713118
33,261_FED_20200205b_3T2_PL2017,N, 1,5.188508
33,824_FED_20200130a_3T2_PL2017,S, 0,0.000000
33,824_FED_20200130a_3T2_PL2017,N, 0,0.000000
33,825_FED_20200130b_3T2_PL2017,S, 0,0.000000
33,825_FED_20200130b_3T2_PL2017,N, 0,0.000000
33,826_FED_20200130c_3T2_PL2017,S, 0,0.000000
33,826_FED_20200130c_3T2_PL2017,N, 0,0.000000
33,827_FED_20200130d_3T2_PL2017,S, 0,0.000000
33,827_FED_20200130d_3T2_PL2017,N, 0,0.000000
33,828_FED_20200205c_3T2_PL2017,S, 3,1.371493
33,828_FED_20200205c_3T2_PL2017,N, 3,1.174792
33,831_FED_20200213b_3T2_PL2017,S, 0,0.000000
33,831_FED_20200213b_3T2_PL2017,N, 0,0.000000
34,770_FED_20191120c_3T2_PL2017,S, 0,0.000000
34,770_FED_20191120c_3T2_PL2017,N, 0,0.000000
34,788_FED_20191120b_3T2_PL2017,S, 0,0.000000
34,788_FED_20191120b_3T2_PL2017,N, 0,0.000000
34,803_FED_20191120d_3T2_PL2017,S, 0,0.000000
34,803_FED_20191120d_3T2_PL2017,N, 0,0.000000
34,805_FED_20191204a_3T2_PL2017,S, 0,0.000000
34,805_FED_20191204a_3T2_PL2017,N, 0,0.000000
34,806_FED_20191204b_3T2_PL2017,S, 0,0.000000
34,806_FED_20191204b_3T2_PL2017,N, 0,0.000000
34,807_FED_20191204c_3T2_PL2017,S, 0,0.000000
34,807_FED_20191204c_3T2_PL2017,N, 0,0.000000
34,797_FED_20200205a_3T2_PL2017,S, 0,0.000000
34,797_FED_20200205a_3T2_PL2017,N, 0,0.000000
34,261_FED_20200205b_3T2_PL2017,S, 0,0.000000
34,261_FED_20200205b_3T2_PL2017,N, 0,0.000000
34,824_FED_20200130a_3T2_PL2017,S, 0,0.000000
34,824_FED_20200130a_3T2_PL2017,N, 0,0.000000
34,825_FED_20200130b_3T2_PL2017,S, 0,0.000000
34,825_FED_20200130b_3T2_PL2017,N, 0,0.000000
34,826_FED_20200130c_3T2_PL2017,S, 0,0.000000
34,826_FED_20200130c_3T2_PL2017,N, 0,0.000000
34,827_FED_20200130d_3T2_PL2017,S, 0,0.000000
34,827_FED_20200130d_3T2_PL2017,N, 0,0.000000
34,828_FED_20200205c_3T2_PL2017,S, 1,0.466315
34,828_FED_20200205c_3T2_PL2017,N, 1,0.674811
34,831_FED_20200213b_3T2_PL2017,S, 0,0.000000
34,831_FED_20200213b_3T2_PL2017,N, 0,0.000000
35,770_FED_20191120c_3T2_PL2017,S, 0,0.000000
35,770_FED_20191120c_3T2_PL2017,N, 0,0.000000
35,788_FED_20191120b_3T2_PL2017,S, 0,0.000000
35,788_FED_20191120b_3T2_PL2017,N, 0,0.000000
35,803_FED_20191120d_3T2_PL2017,S, 0,0.000000
35,803_FED_20191120d_3T2_PL2017,N, 0,0.000000
35,805_FED_20191204a_3T2_PL2017,S, 0,0.000000
35,805_FED_20191204a_3T2_PL2017,N, 0,0.000000
35,806_FED_20191204b_3T2_PL2017,S, 1,0.118161
35,806_FED_20191204b_3T2_PL2017,N, 1,0.262059
35,807_FED_20191204c_3T2_PL2017,S, 0,0.000000
35,807_FED_20191204c_3T2_PL2017,N, 0,0.000000
35,797_FED_20200205a_3T2_PL2017,S, 1,-0.064117
35,797_FED_20200205a_3T2_PL2017,N, 1,0.283899
35,261_FED_20200205b_3T2_PL2017,S, 1,2.094390
35,261_FED_20200205b_3T2_PL2017,N, 1,0.173098
35,824_FED_20200130a_3T2_PL2017,S, 0,0.000000
35,824_FED_20200130a_3T2_PL2017,N, 0,0.000000
35,825_FED_20200130b_3T2_PL2017,S, 1,-0.451891
35,825_FED_20200130b_3T2_PL2017,N, 1,-0.515260
35,826_FED_20200130c_3T2_PL2017,S, 0,0.000000
35,826_FED_20200130c_3T2_PL2017,N, 0,0.000000
35,827_FED_20200130d_3T2_PL2017,S, 2,1.465114
35,827_FED_20200130d_3T2_PL2017,N, 2,1.163474
35,828_FED_20200205c_3T2_PL2017,S, 0,0.000000
35,828_FED_20200205c_3T2_PL2017,N, 0,0.000000
35,831_FED_20200213b_3T2_PL2017,S, 0,0.000000
35,831_FED_20200213b_3T2_PL2017,N, 0,0.000000
36,770_FED_20191120c_3T2_PL2017,S, 0,0.000000
36,770_FED_20191120c_3T2_PL2017,N, 0,0.000000
36,788_FED_20191120b_3T2_PL2017,S, 4,-0.787631
36,788_FED_20191120b_3T2_PL2017,N, 4,-0.716985
36,803_FED_20191120d_3T2_PL2017,S, 0,0.000000
36,803_FED_20191120d_3T2_PL2017,N, 0,0.000000
36,805_FED_20191204a_3T2_PL2017,S, 0,0.000000
36,805_FED_20191204a_3T2_PL2017,N, 0,0.000000
36,806_FED_20191204b_3T2_PL2017,S, 3,0.301022
36,806_FED_20191204b_3T2_PL2017,N, 3,0.498432
36,807_FED_20191204c_3T2_PL2017,S, 0,0.000000
36,807_FED_20191204c_3T2_PL2017,N, 0,0.000000
36,797_FED_20200205a_3T2_PL2017,S, 0,0.000000
36,797_FED_20200205a_3T2_PL2017,N, 0,0.000000
36,261_FED_20200205b_3T2_PL2017,S, 2,1.697879
36,261_FED_20200205b_3T2_PL2017,N, 2,0.691771
36,824_FED_20200130a_3T2_PL2017,S, 2,0.131573
36,824_FED_20200130a_3T2_PL2017,N, 2,0.229660
36,825_FED_20200130b_3T2_PL2017,S, 5,-0.032505
36,825_FED_20200130b_3T2_PL2017,N, 5,-0.032226
36,826_FED_20200130c_3T2_PL2017,S, 0,0.000000
36,826_FED_20200130c_3T2_PL2017,N, 0,0.000000
36,827_FED_20200130d_3T2_PL2017,S, 0,0.000000
36,827_FED_20200130d_3T2_PL2017,N, 0,0.000000
36,828_FED_20200205c_3T2_PL2017,S, 5,1.059486
36,828_FED_20200205c_3T2_PL2017,N, 5,1.081243
36,831_FED_20200213b_3T2_PL2017,S, 3,0.245698
36,831_FED_20200213b_3T2_PL2017,N, 3,0.170463
37,770_FED_20191120c_3T2_PL2017,S, 1,0.003744
37,770_FED_20191120c_3T2_PL2017,N, 1,-0.044794
37,788_FED_20191120b_3T2_PL2017,S, 1,-1.073501
37,788_FED_20191120b_3T2_PL2017,N, 1,-1.156343
37,803_FED_20191120d_3T2_PL2017,S, 0,0.000000
37,803_FED_20191120d_3T2_PL2017,N, 0,0.000000
37,805_FED_20191204a_3T2_PL2017,S, 0,0.000000
37,805_FED_20191204a_3T2_PL2017,N, 0,0.000000
37,806_FED_20191204b_3T2_PL2017,S, 0,0.000000
37,806_FED_20191204b_3T2_PL2017,N, 0,0.000000
37,807_FED_20191204c_3T2_PL2017,S, 0,0.000000
37,807_FED_20191204c_3T2_PL2017,N, 0,0.000000
37,797_FED_20200205a_3T2_PL2017,S, 1,0.070930
37,797_FED_20200205a_3T2_PL2017,N, 1,0.045462
37,261_FED_20200205b_3T2_PL2017,S, 2,0.600519
37,261_FED_20200205b_3T2_PL2017,N, 2,-0.302553
37,824_FED_20200130a_3T2_PL2017,S, 2,0.507217
37,824_FED_20200130a_3T2_PL2017,N, 2,0.413442
37,825_FED_20200130b_3T2_PL2017,S, 1,0.107953
37,825_FED_20200130b_3T2_PL2017,N, 1,0.229250
37,826_FED_20200130c_3T2_PL2017,S, 1,1.805429
37,826_FED_20200130c_3T2_PL2017,N, 1,1.567411
37,827_FED_20200130d_3T2_PL2017,S, 1,0.138709
37,827_FED_20200130d_3T2_PL2017,N, 1,0.088030
37,828_FED_20200205c_3T2_PL2017,S, 2,-0.181953
37,828_FED_20200205c_3T2_PL2017,N, 2,0.520757
37,831_FED_20200213b_3T2_PL2017,S, 1,0.464419
37,831_FED_20200213b_3T2_PL2017,N, 1,0.158014
38,770_FED_20191120c_3T2_PL2017,S, 1,0.319502
38,770_FED_20191120c_3T2_PL2017,N, 1,0.859285
38,788_FED_20191120b_3T2_PL2017,S, 0,0.000000
38,788_FED_20191120b_3T2_PL2017,N, 0,0.000000
38,803_FED_20191120d_3T2_PL2017,S, 0,0.000000
38,803_FED_20191120d_3T2_PL2017,N, 0,0.000000
38,805_FED_20191204a_3T2_PL2017,S, 0,0.000000
38,805_FED_20191204a_3T2_PL2017,N, 0,0.000000
38,806_FED_20191204b_3T2_PL2017,S, 0,0.000000
38,806_FED_20191204b_3T2_PL2017,N, 0,0.000000
38,807_FED_20191204c_3T2_PL2017,S, 1,0.063525
38,807_FED_20191204c_3T2_PL2017,N, 1,0.100005
38,797_FED_20200205a_3T2_PL2017,S, 1,0.017910
38,797_FED_20200205a_3T2_PL2017,N, 1,0.004421
38,261_FED_20200205b_3T2_PL2017,S, 1,-0.106372
38,261_FED_20200205b_3T2_PL2017,N, 1,-0.081738
38,824_FED_20200130a_3T2_PL2017,S, 1,-0.027343
38,824_FED_20200130a_3T2_PL2017,N, 1,0.145148
38,825_FED_20200130b_3T2_PL2017,S, 1,0.064283
38,825_FED_20200130b_3T2_PL2017,N, 1,0.023758
38,826_FED_20200130c_3T2_PL2017,S, 0,0.000000
38,826_FED_20200130c_3T2_PL2017,N, 0,0.000000
38,827_FED_20200130d_3T2_PL2017,S, 0,0.000000
38,827_FED_20200130d_3T2_PL2017,N, 0,0.000000
38,828_FED_20200205c_3T2_PL2017,S, 1,0.486591
38,828_FED_20200205c_3T2_PL2017,N, 1,0.351547
38,831_FED_20200213b_3T2_PL2017,S, 0,0.000000
38,831_FED_20200213b_3T2_PL2017,N, 0,0.000000
39,770_FED_20191120c_3T2_PL2017,S, 1,0.002154
39,770_FED_20191120c_3T2_PL2017,N, 1,-0.202923
39,788_FED_20191120b_3T2_PL2017,S, 0,0.000000
39,788_FED_20191120b_3T2_PL2017,N, 0,0.000000
39,803_FED_20191120d_3T2_PL2017,S, 0,0.000000
39,803_FED_20191120d_3T2_PL2017,N, 0,0.000000
39,805_FED_20191204a_3T2_PL2017,S, 1,0.762938
39,805_FED_20191204a_3T2_PL2017,N, 1,0.278199
39,806_FED_20191204b_3T2_PL2017,S, 1,0.339053
39,806_FED_20191204b_3T2_PL2017,N, 1,-0.131277
39,807_FED_20191204c_3T2_PL2017,S, 0,0.000000
39,807_FED_20191204c_3T2_PL2017,N, 0,0.000000
39,797_FED_20200205a_3T2_PL2017,S, 0,0.000000
39,797_FED_20200205a_3T2_PL2017,N, 0,0.000000
39,261_FED_20200205b_3T2_PL2017,S, 0,0.000000
39,261_FED_20200205b_3T2_PL2017,N, 0,0.000000
39,824_FED_20200130a_3T2_PL2017,S, 0,0.000000
39,824_FED_20200130a_3T2_PL2017,N, 0,0.000000
39,825_FED_20200130b_3T2_PL2017,S, 0,0.000000
39,825_FED_20200130b_3T2_PL2017,N, 0,0.000000
39,826_FED_20200130c_3T2_PL2017,S, 1,2.290303
39,826_FED_20200130c_3T2_PL2017,N, 1,0.968858
39,827_FED_20200130d_3T2_PL2017,S, 1,1.050458
39,827_FED_20200130d_3T2_PL2017,N, 1,0.238607
39,828_FED_20200205c_3T2_PL2017,S, 0,0.000000
39,828_FED_20200205c_3T2_PL2017,N, 0,0.000000
39,831_FED_20200213b_3T2_PL2017,S, 0,0.000000
39,831_FED_20200213b_3T2_PL2017,N, 0,0.000000
40,770_FED_20191120c_3T2_PL2017,S, 0,0.000000
40,770_FED_20191120c_3T2_PL2017,N, 0,0.000000
40,788_FED_20191120b_3T2_PL2017,S, 0,0.000000
40,788_FED_20191120b_3T2_PL2017,N, 0,0.000000
40,803_FED_20191120d_3T2_PL2017,S, 0,0.000000
40,803_FED_20191120d_3T2_PL2017,N, 0,0.000000
40,805_FED_20191204a_3T2_PL2017,S, 0,0.000000
40,805_FED_20191204a_3T2_PL2017,N, 0,0.000000
40,806_FED_20191204b_3T2_PL2017,S, 0,0.000000
40,806_FED_20191204b_3T2_PL2017,N, 0,0.000000
40,807_FED_20191204c_3T2_PL2017,S, 0,0.000000
40,807_FED_20191204c_3T2_PL2017,N, 0,0.000000
40,797_FED_20200205a_3T2_PL2017,S, 0,0.000000
40,797_FED_20200205a_3T2_PL2017,N, 0,0.000000
40,261_FED_20200205b_3T2_PL2017,S, 0,0.000000
40,261_FED_20200205b_3T2_PL2017,N, 0,0.000000
40,824_FED_20200130a_3T2_PL2017,S, 0,0.000000
40,824_FED_20200130a_3T2_PL2017,N, 0,0.000000
40,825_FED_20200130b_3T2_PL2017,S, 0,0.000000
40,825_FED_20200130b_3T2_PL2017,N, 0,0.000000
40,826_FED_20200130c_3T2_PL2017,S, 0,0.000000
40,826_FED_20200130c_3T2_PL2017,N, 0,0.000000
40,827_FED_20200130d_3T2_PL2017,S, 0,0.000000
40,827_FED_20200130d_3T2_PL2017,N, 0,0.000000
40,828_FED_20200205c_3T2_PL2017,S, 0,0.000000
40,828_FED_20200205c_3T2_PL2017,N, 0,0.000000
40,831_FED_20200213b_3T2_PL2017,S, 0,0.000000
40,831_FED_20200213b_3T2_PL2017,N, 0,0.000000
41,770_FED_20191120c_3T2_PL2017,S, 0,0.000000
41,770_FED_20191120c_3T2_PL2017,N, 0,0.000000
41,788_FED_20191120b_3T2_PL2017,S, 0,0.000000
41,788_FED_20191120b_3T2_PL2017,N, 0,0.000000
41,803_FED_20191120d_3T2_PL2017,S, 0,0.000000
41,803_FED_20191120d_3T2_PL2017,N, 0,0.000000
41,805_FED_20191204a_3T2_PL2017,S, 0,0.000000
41,805_FED_20191204a_3T2_PL2017,N, 0,0.000000
41,806_FED_20191204b_3T2_PL2017,S, 0,0.000000
41,806_FED_20191204b_3T2_PL2017,N, 0,0.000000
41,807_FED_20191204c_3T2_PL2017,S, 0,0.000000
41,807_FED_20191204c_3T2_PL2017,N, 0,0.000000
41,797_FED_20200205a_3T2_PL2017,S, 1,-0.126106
41,797_FED_20200205a_3T2_PL2017,N, 1,-0.180885
41,261_FED_20200205b_3T2_PL2017,S, 1,0.559545
41,261_FED_20200205b_3T2_PL2017,N, 1,-0.447174
41,824_FED_20200130a_3T2_PL2017,S, 1,0.166564
41,824_FED_20200130a_3T2_PL2017,N, 1,-0.264705
41,825_FED_20200130b_3T2_PL2017,S, 0,0.000000
41,825_FED_20200130b_3T2_PL2017,N, 0,0.000000
41,826_FED_20200130c_3T2_PL2017,S, 0,0.000000
41,826_FED_20200130c_3T2_PL2017,N, 0,0.000000
41,827_FED_20200130d_3T2_PL2017,S, 1,0.204407
41,827_FED_20200130d_3T2_PL2017,N, 1,-0.135157
41,828_FED_20200205c_3T2_PL2017,S, 0,0.000000
41,828_FED_20200205c_3T2_PL2017,N, 0,0.000000
41,831_FED_20200213b_3T2_PL2017,S, 1,0.260319
41,831_FED_20200213b_3T2_PL2017,N, 1,0.004488
42,770_FED_20191120c_3T2_PL2017,S, 0,0.000000
42,770_FED_20191120c_3T2_PL2017,N, 0,0.000000
42,788_FED_20191120b_3T2_PL2017,S, 1,1.533704
42,788_FED_20191120b_3T2_PL2017,N, 1,1.449064
42,803_FED_20191120d_3T2_PL2017,S, 1,0.105301
42,803_FED_20191120d_3T2_PL2017,N, 1,-0.123977
42,805_FED_20191204a_3T2_PL2017,S, 1,0.132750
42,805_FED_20191204a_3T2_PL2017,N, 1,0.328029
42,806_FED_20191204b_3T2_PL2017,S, 0,0.000000
42,806_FED_20191204b_3T2_PL2017,N, 0,0.000000
42,807_FED_20191204c_3T2_PL2017,S, 0,0.000000
42,807_FED_20191204c_3T2_PL2017,N, 0,0.000000
42,797_FED_20200205a_3T2_PL2017,S, 0,0.000000
42,797_FED_20200205a_3T2_PL2017,N, 0,0.000000
42,261_FED_20200205b_3T2_PL2017,S, 0,0.000000
42,261_FED_20200205b_3T2_PL2017,N, 0,0.000000
42,824_FED_20200130a_3T2_PL2017,S, 0,0.000000
42,824_FED_20200130a_3T2_PL2017,N, 0,0.000000
42,825_FED_20200130b_3T2_PL2017,S, 1,-1.192219
42,825_FED_20200130b_3T2_PL2017,N, 1,-1.243556
42,826_FED_20200130c_3T2_PL2017,S, 0,0.000000
42,826_FED_20200130c_3T2_PL2017,N, 0,0.000000
42,827_FED_20200130d_3T2_PL2017,S, 1,1.243055
42,827_FED_20200130d_3T2_PL2017,N, 1,0.530078
42,828_FED_20200205c_3T2_PL2017,S, 0,0.000000
42,828_FED_20200205c_3T2_PL2017,N, 0,0.000000
42,831_FED_20200213b_3T2_PL2017,S, 1,-0.266259
42,831_FED_20200213b_3T2_PL2017,N, 1,-0.022543
43,770_FED_20191120c_3T2_PL2017,S, 0,0.000000
43,770_FED_20191120c_3T2_PL2017,N, 0,0.000000
43,788_FED_20191120b_3T2_PL2017,S, 0,0.000000
43,788_FED_20191120b_3T2_PL2017,N, 0,0.000000
43,803_FED_20191120d_3T2_PL2017,S, 0,0.000000
43,803_FED_20191120d_3T2_PL2017,N, 0,0.000000
43,805_FED_20191204a_3T2_PL2017,S, 0,0.000000
43,805_FED_20191204a_3T2_PL2017,N, 0,0.000000
43,806_FED_20191204b_3T2_PL2017,S, 0,0.000000
43,806_FED_20191204b_3T2_PL2017,N, 0,0.000000
43,807_FED_20191204c_3T2_PL2017,S, 0,0.000000
43,807_FED_20191204c_3T2_PL2017,N, 0,0.000000
43,797_FED_20200205a_3T2_PL2017,S, 0,0.000000
43,797_FED_20200205a_3T2_PL2017,N, 0,0.000000
43,261_FED_20200205b_3T2_PL2017,S, 0,0.000000
43,261_FED_20200205b_3T2_PL2017,N, 0,0.000000
43,824_FED_20200130a_3T2_PL2017,S, 0,0.000000
43,824_FED_20200130a_3T2_PL2017,N, 0,0.000000
43,825_FED_20200130b_3T2_PL2017,S, 0,0.000000
43,825_FED_20200130b_3T2_PL2017,N, 0,0.000000
43,826_FED_20200130c_3T2_PL2017,S, 0,0.000000
43,826_FED_20200130c_3T2_PL2017,N, 0,0.000000
43,827_FED_20200130d_3T2_PL2017,S, 0,0.000000
43,827_FED_20200130d_3T2_PL2017,N, 0,0.000000
43,828_FED_20200205c_3T2_PL2017,S, 0,0.000000
43,828_FED_20200205c_3T2_PL2017,N, 0,0.000000
43,831_FED_20200213b_3T2_PL2017,S, 0,0.000000
43,831_FED_20200213b_3T2_PL2017,N, 0,0.000000
44,770_FED_20191120c_3T2_PL2017,S, 0,0.000000
44,770_FED_20191120c_3T2_PL2017,N, 0,0.000000
44,788_FED_20191120b_3T2_PL2017,S, 0,0.000000
44,788_FED_20191120b_3T2_PL2017,N, 0,0.000000
44,803_FED_20191120d_3T2_PL2017,S, 0,0.000000
44,803_FED_20191120d_3T2_PL2017,N, 0,0.000000
44,805_FED_20191204a_3T2_PL2017,S, 0,0.000000
44,805_FED_20191204a_3T2_PL2017,N, 0,0.000000
44,806_FED_20191204b_3T2_PL2017,S, 0,0.000000
44,806_FED_20191204b_3T2_PL2017,N, 0,0.000000
44,807_FED_20191204c_3T2_PL2017,S, 0,0.000000
44,807_FED_20191204c_3T2_PL2017,N, 0,0.000000
44,797_FED_20200205a_3T2_PL2017,S, 0,0.000000
44,797_FED_20200205a_3T2_PL2017,N, 0,0.000000
44,261_FED_20200205b_3T2_PL2017,S, 0,0.000000
44,261_FED_20200205b_3T2_PL2017,N, 0,0.000000
44,824_FED_20200130a_3T2_PL2017,S, 0,0.000000
44,824_FED_20200130a_3T2_PL2017,N, 0,0.000000
44,825_FED_20200130b_3T2_PL2017,S, 0,0.000000
44,825_FED_20200130b_3T2_PL2017,N, 0,0.000000
44,826_FED_20200130c_3T2_PL2017,S, 0,0.000000
44,826_FED_20200130c_3T2_PL2017,N, 0,0.000000
44,827_FED_20200130d_3T2_PL2017,S, 0,0.000000
44,827_FED_20200130d_3T2_PL2017,N, 0,0.000000
44,828_FED_20200205c_3T2_PL2017,S, 0,0.000000
44,828_FED_20200205c_3T2_PL2017,N, 0,0.000000
44,831_FED_20200213b_3T2_PL2017,S, 0,0.000000
44,831_FED_20200213b_3T2_PL2017,N, 0,0.000000
45,770_FED_20191120c_3T2_PL2017,S, 0,0.000000
45,770_FED_20191120c_3T2_PL2017,N, 0,0.000000
45,788_FED_20191120b_3T2_PL2017,S, 0,0.000000
45,788_FED_20191120b_3T2_PL2017,N, 0,0.000000
45,803_FED_20191120d_3T2_PL2017,S, 0,0.000000
45,803_FED_20191120d_3T2_PL2017,N, 0,0.000000
45,805_FED_20191204a_3T2_PL2017,S, 0,0.000000
45,805_FED_20191204a_3T2_PL2017,N, 0,0.000000
45,806_FED_20191204b_3T2_PL2017,S, 0,0.000000
45,806_FED_20191204b_3T2_PL2017,N, 0,0.000000
45,807_FED_20191204c_3T2_PL2017,S, 0,0.000000
45,807_FED_20191204c_3T2_PL2017,N, 0,0.000000
45,797_FED_20200205a_3T2_PL2017,S, 0,0.000000
45,797_FED_20200205a_3T2_PL2017,N, 0,0.000000
45,261_FED_20200205b_3T2_PL2017,S, 0,0.000000
45,261_FED_20200205b_3T2_PL2017,N, 0,0.000000
45,824_FED_20200130a_3T2_PL2017,S, 0,0.000000
45,824_FED_20200130a_3T2_PL2017,N, 0,0.000000
45,825_FED_20200130b_3T2_PL2017,S, 0,0.000000
45,825_FED_20200130b_3T2_PL2017,N, 0,0.000000
45,826_FED_20200130c_3T2_PL2017,S, 0,0.000000
45,826_FED_20200130c_3T2_PL2017,N, 0,0.000000
45,827_FED_20200130d_3T2_PL2017,S, 0,0.000000
45,827_FED_20200130d_3T2_PL2017,N, 0,0.000000
45,828_FED_20200205c_3T2_PL2017,S, 0,0.000000
45,828_FED_20200205c_3T2_PL2017,N, 0,0.000000
45,831_FED_20200213b_3T2_PL2017,S, 0,0.000000
45,831_FED_20200213b_3T2_PL2017,N, 0,0.000000
46,770_FED_20191120c_3T2_PL2017,S, 0,0.000000
46,770_FED_20191120c_3T2_PL2017,N, 0,0.000000
46,788_FED_20191120b_3T2_PL2017,S, 0,0.000000
46,788_FED_20191120b_3T2_PL2017,N, 0,0.000000
46,803_FED_20191120d_3T2_PL2017,S, 0,0.000000
46,803_FED_20191120d_3T2_PL2017,N, 0,0.000000
46,805_FED_20191204a_3T2_PL2017,S, 0,0.000000
46,805_FED_20191204a_3T2_PL2017,N, 0,0.000000
46,806_FED_20191204b_3T2_PL2017,S, 0,0.000000
46,806_FED_20191204b_3T2_PL2017,N, 0,0.000000
46,807_FED_20191204c_3T2_PL2017,S, 0,0.000000
46,807_FED_20191204c_3T2_PL2017,N, 0,0.000000
46,797_FED_20200205a_3T2_PL2017,S, 0,0.000000
46,797_FED_20200205a_3T2_PL2017,N, 0,0.000000
46,261_FED_20200205b_3T2_PL2017,S, 0,0.000000
46,261_FED_20200205b_3T2_PL2017,N, 0,0.000000
46,824_FED_20200130a_3T2_PL2017,S, 0,0.000000
46,824_FED_20200130a_3T2_PL2017,N, 0,0.000000
46,825_FED_20200130b_3T2_PL2017,S, 0,0.000000
46,825_FED_20200130b_3T2_PL2017,N, 0,0.000000
46,826_FED_20200130c_3T2_PL2017,S, 0,0.000000
46,826_FED_20200130c_3T2_PL2017,N, 0,0.000000
46,827_FED_20200130d_3T2_PL2017,S, 0,0.000000
46,827_FED_20200130d_3T2_PL2017,N, 0,0.000000
46,828_FED_20200205c_3T2_PL2017,S, 0,0.000000
46,828_FED_20200205c_3T2_PL2017,N, 0,0.000000
46,831_FED_20200213b_3T2_PL2017,S, 0,0.000000
46,831_FED_20200213b_3T2_PL2017,N, 0,0.000000
47,770_FED_20191120c_3T2_PL2017,S, 0,0.000000
47,770_FED_20191120c_3T2_PL2017,N, 0,0.000000
47,788_FED_20191120b_3T2_PL2017,S, 0,0.000000
47,788_FED_20191120b_3T2_PL2017,N, 0,0.000000
47,803_FED_20191120d_3T2_PL2017,S, 0,0.000000
47,803_FED_20191120d_3T2_PL2017,N, 0,0.000000
47,805_FED_20191204a_3T2_PL2017,S, 0,0.000000
47,805_FED_20191204a_3T2_PL2017,N, 0,0.000000
47,806_FED_20191204b_3T2_PL2017,S, 0,0.000000
47,806_FED_20191204b_3T2_PL2017,N, 0,0.000000
47,807_FED_20191204c_3T2_PL2017,S, 0,0.000000
47,807_FED_20191204c_3T2_PL2017,N, 0,0.000000
47,797_FED_20200205a_3T2_PL2017,S, 0,0.000000
47,797_FED_20200205a_3T2_PL2017,N, 0,0.000000
47,261_FED_20200205b_3T2_PL2017,S, 0,0.000000
47,261_FED_20200205b_3T2_PL2017,N, 0,0.000000
47,824_FED_20200130a_3T2_PL2017,S, 0,0.000000
47,824_FED_20200130a_3T2_PL2017,N, 0,0.000000
47,825_FED_20200130b_3T2_PL2017,S, 0,0.000000
47,825_FED_20200130b_3T2_PL2017,N, 0,0.000000
47,826_FED_20200130c_3T2_PL2017,S, 0,0.000000
47,826_FED_20200130c_3T2_PL2017,N, 0,0.000000
47,827_FED_20200130d_3T2_PL2017,S, 0,0.000000
47,827_FED_20200130d_3T2_PL2017,N, 0,0.000000
47,828_FED_20200205c_3T2_PL2017,S, 0,0.000000
47,828_FED_20200205c_3T2_PL2017,N, 0,0.000000
47,831_FED_20200213b_3T2_PL2017,S, 0,0.000000
47,831_FED_20200213b_3T2_PL2017,N, 0,0.000000
48,770_FED_20191120c_3T2_PL2017,S, 0,0.000000
48,770_FED_20191120c_3T2_PL2017,N, 0,0.000000
48,788_FED_20191120b_3T2_PL2017,S, 0,0.000000
48,788_FED_20191120b_3T2_PL2017,N, 0,0.000000
48,803_FED_20191120d_3T2_PL2017,S, 0,0.000000
48,803_FED_20191120d_3T2_PL2017,N, 0,0.000000
48,805_FED_20191204a_3T2_PL2017,S, 0,0.000000
48,805_FED_20191204a_3T2_PL2017,N, 0,0.000000
48,806_FED_20191204b_3T2_PL2017,S, 0,0.000000
48,806_FED_20191204b_3T2_PL2017,N, 0,0.000000
48,807_FED_20191204c_3T2_PL2017,S, 0,0.000000
48,807_FED_20191204c_3T2_PL2017,N, 0,0.000000
48,797_FED_20200205a_3T2_PL2017,S, 0,0.000000
48,797_FED_20200205a_3T2_PL2017,N, 0,0.000000
48,261_FED_20200205b_3T2_PL2017,S, 0,0.000000
48,261_FED_20200205b_3T2_PL2017,N, 0,0.000000
48,824_FED_20200130a_3T2_PL2017,S, 0,0.000000
48,824_FED_20200130a_3T2_PL2017,N, 0,0.000000
48,825_FED_20200130b_3T2_PL2017,S, 0,0.000000
48,825_FED_20200130b_3T2_PL2017,N, 0,0.000000
48,826_FED_20200130c_3T2_PL2017,S, 0,0.000000
48,826_FED_20200130c_3T2_PL2017,N, 0,0.000000
48,827_FED_20200130d_3T2_PL2017,S, 0,0.000000
48,827_FED_20200130d_3T2_PL2017,N, 0,0.000000
48,828_FED_20200205c_3T2_PL2017,S, 0,0.000000
48,828_FED_20200205c_3T2_PL2017,N, 0,0.000000
48,831_FED_20200213b_3T2_PL2017,S, 0,0.000000
48,831_FED_20200213b_3T2_PL2017,N, 0,0.000000
